file_name,sample_rate_hz,duration_s,total_samples,frame_size_samples,hop_size_samples,lpc_order,peak_search_low_hz,peak_search_high_hz,silence_threshold_dbfs,total_frames_recorded,n_short_frames_excluded,n_silent_frames_excluded,n_no_valid_q_frames,n_valid_q_frames,median_Y_Q_value,mean_Y_Q_value,sd_Y_Q_value,min_Y_Q_value,max_Y_Q_value,q1_Y_Q_value,q3_Y_Q_value,iqr_Y_Q_value,framewise_csv,status
E01after_tanto-tanto_20160401_caro-mio-ben_01_mono.wav,44100,2.693514739229025,118784,2048,2048,12,2400.0,4000.0,-60.0,58,0,0,23,35,10.519752293283425,16.175436680980905,15.236074785186354,3.867916789876334,63.72231691952153,6.446451588606393,18.196551516000433,11.75009992739404,/mnt/data/Acoustic_Analysis_Results_2026-08-18/07_Y_Q_value/E01after_tanto-tanto_20160401_caro-mio-ben_01_mono_Y_Q_value_framewise.csv,ok
E01before_tanto-tanto_20141001_02_mono.wav,44100,1.811156462585034,79872,2048,2048,12,2400.0,4000.0,-60.0,39,0,0,19,20,8.320579960552537,9.743710829080912,4.763246956653503,3.2054544845835276,23.031979158221702,6.979237346284117,11.328413393868528,4.349176047584411,/mnt/data/Acoustic_Analysis_Results_2026-08-18/07_Y_Q_value/E01before_tanto-tanto_20141001_02_mono_Y_Q_value_framewise.csv,ok
E02after_20160401_tanto-tanto_01_44100_mono.wav,44100,1.9969160997732427,88064,2048,2048,12,2400.0,4000.0,-60.0,43,0,0,15,28,11.467582386522746,16.865342915570007,15.552796376231072,4.34278892896478,72.7258775879073,7.7708363262903895,15.418226818848197,7.647390492557808,/mnt/data/Acoustic_Analysis_Results_2026-08-18/07_Y_Q_value/E02after_20160401_tanto-tanto_01_44100_mono_Y_Q_value_framewise.csv,ok
E02before_20141001_tanto-tanto_01_44100_mono.wav,44100,2.043356009070295,90112,2048,2048,12,2400.0,4000.0,-60.0,44,0,0,17,27,9.386479626615197,13.27296762834179,8.145889736680244,4.933733682414363,33.61207630104107,6.982065892147696,19.059473201481225,12.07740730933353,/mnt/data/Acoustic_Analysis_Results_2026-08-18/07_Y_Q_value/E02before_20141001_tanto-tanto_01_44100_mono_Y_Q_value_framewise.csv,ok
E03after_tanto-tanto_20240223_caro-mio-ben_02_mono.wav,44100,2.182675736961451,96256,2048,2048,12,2400.0,4000.0,-60.0,47,0,0,38,9,5.066345965591876,5.334669382505855,1.6581864604254561,2.9351194828299936,8.025701309945454,4.213140817428014,6.380429043907436,2.167288226479422,/mnt/data/Acoustic_Analysis_Results_2026-08-18/07_Y_Q_value/E03after_tanto-tanto_20240223_caro-mio-ben_02_mono_Y_Q_value_framewise.csv,ok
E03before_tanto-tanto_20220607_caro-mio-ben_02_1__mono.wav,44100,2.043356009070295,90112,2048,2048,12,2400.0,4000.0,-60.0,44,0,0,44,0,nan,nan,nan,nan,nan,nan,nan,nan,/mnt/data/Acoustic_Analysis_Results_2026-08-18/07_Y_Q_value/E03before_tanto-tanto_20220607_caro-mio-ben_02_1__mono_Y_Q_value_framewise.csv,no_valid_q_values
E04after_20240223_tanto-tanto_02_mono.wav,44100,2.5541950113378684,112640,2048,2048,12,2400.0,4000.0,-60.0,55,0,0,38,17,10.157766167357394,12.83963659675311,8.75448435025575,3.571101900895927,35.79001517800666,5.686351739652941,15.8929756012384,10.20662386158546,/mnt/data/Acoustic_Analysis_Results_2026-08-18/07_Y_Q_value/E04after_20240223_tanto-tanto_02_mono_Y_Q_value_framewise.csv,ok
E04before_20220607_tanto-tanto_02_mono.wav,44100,2.6006349206349206,114688,2048,2048,12,2400.0,4000.0,-60.0,56,0,0,43,13,7.975648511291164,7.925201999564862,3.083856053205147,3.6621705330652805,13.603693437930845,5.106008662725162,10.49594434458772,5.389935681862558,/mnt/data/Acoustic_Analysis_Results_2026-08-18/07_Y_Q_value/E04before_20220607_tanto-tanto_02_mono_Y_Q_value_framewise.csv,ok
E05after_tanto-tanto240206_0629caro-2_mono.wav,44100,1.811156462585034,79872,2048,2048,12,2400.0,4000.0,-60.0,39,0,0,10,29,19.51038512126536,19.95408736167503,8.09207920127273,6.6743361442011295,43.327740221788154,15.537761039122142,22.3462605947663,6.808499555644158,/mnt/data/Acoustic_Analysis_Results_2026-08-18/07_Y_Q_value/E05after_tanto-tanto240206_0629caro-2_mono_Y_Q_value_framewise.csv,ok
E05before_tanto-tanto_20220531_caro-mio-ben_02_mono.wav,44100,2.182675736961451,96256,2048,2048,12,2400.0,4000.0,-60.0,47,0,0,20,27,20.235522387392344,27.540402479860884,23.544871172832817,5.960277374978488,95.85782014302559,11.577147680863956,33.089839266382135,21.51269158551818,/mnt/data/Acoustic_Analysis_Results_2026-08-18/07_Y_Q_value/E05before_tanto-tanto_20220531_caro-mio-ben_02_mono_Y_Q_value_framewise.csv,ok
E06after_tanto-tanto240206_caro-mio-ben_02_mono.wav,44100,2.461315192743764,108544,2048,2048,12,2400.0,4000.0,-60.0,53,0,0,33,20,7.793147538718669,9.967135889744878,6.368906817764807,3.674208606571437,27.428084439895834,5.382698087433171,11.205095774184501,5.82239768675133,/mnt/data/Acoustic_Analysis_Results_2026-08-18/07_Y_Q_value/E06after_tanto-tanto240206_caro-mio-ben_02_mono_Y_Q_value_framewise.csv,ok
E06before_tanto-tanto_20220607_caro-mio-ben_02_mono.wav,44100,2.182675736961451,96256,2048,2048,12,2400.0,4000.0,-60.0,47,0,0,44,3,4.8309077397949,5.69559534526741,2.19499343299222,4.064632898416456,8.191245397590874,4.447770319105678,6.5110765686928875,2.0633062495872094,/mnt/data/Acoustic_Analysis_Results_2026-08-18/07_Y_Q_value/E06before_tanto-tanto_20220607_caro-mio-ben_02_mono_Y_Q_value_framewise.csv,ok
E07after_tanto-tanto_240206_caro-mio-ben_02_mono.wav,44100,1.9969160997732427,88064,2048,2048,12,2400.0,4000.0,-60.0,43,0,0,22,21,13.505618481330254,13.619711724233118,8.295953521302508,1.0074715548263762,31.78074451675929,6.937330621988265,18.77283104781278,11.835500425824515,/mnt/data/Acoustic_Analysis_Results_2026-08-18/07_Y_Q_value/E07after_tanto-tanto_240206_caro-mio-ben_02_mono_Y_Q_value_framewise.csv,ok
E07before_tanto-tanto_20220531_caro-mio-ben_02_mono.wav,44100,1.7182766439909296,75776,2048,2048,12,2400.0,4000.0,-60.0,37,0,0,35,2,5.294867653126932,5.294867653126932,2.075369708018111,3.82735965911818,6.762375647135683,4.561113656122556,6.028621650131307,1.4675079940087512,/mnt/data/Acoustic_Analysis_Results_2026-08-18/07_Y_Q_value/E07before_tanto-tanto_20220531_caro-mio-ben_02_mono_Y_Q_value_framewise.csv,ok
M2025_tanto_tanto_mono.wav,44100,2.8328344671201813,124928,2048,2048,12,2400.0,4000.0,-60.0,61,0,0,14,47,22.38433334711474,31.53946589434058,25.27821897941975,3.4479370542692034,91.02108241149234,12.143909255223653,40.06229714913373,27.918387893910072,/mnt/data/Acoustic_Analysis_Results_2026-08-18/07_Y_Q_value/M2025_tanto_tanto_mono_Y_Q_value_framewise.csv,ok
V01after_20190408tanto_tanto_02_mono.wav,44100,1.9969160997732427,88064,2048,2048,12,2400.0,4000.0,-60.0,43,0,0,17,26,10.567041063787421,11.52449555046088,5.3598240151588525,4.213464387636572,23.895169377035586,7.39983862304827,15.177913652567586,7.778075029519316,/mnt/data/Acoustic_Analysis_Results_2026-08-18/07_Y_Q_value/V01after_20190408tanto_tanto_02_mono_Y_Q_value_framewise.csv,ok
V01before_20170508_tanto_tanto_02_mono.wav,44100,2.136235827664399,94208,2048,2048,12,2400.0,4000.0,-60.0,46,0,0,32,14,11.748664134619268,14.273452811544185,10.102213037859606,4.363456559115325,35.41589109479763,6.235853250533406,17.829260413252197,11.59340716271879,/mnt/data/Acoustic_Analysis_Results_2026-08-18/07_Y_Q_value/V01before_20170508_tanto_tanto_02_mono_Y_Q_value_framewise.csv,ok
V02after_20240524_tanto_tanto_02_mono.wav,44100,2.414875283446712,106496,2048,2048,12,2400.0,4000.0,-60.0,52,0,0,14,38,14.037305286085772,16.410771116356976,8.010299866053659,4.712961878460505,36.5658210372582,10.613322462615402,22.21770974783754,11.604387285222137,/mnt/data/Acoustic_Analysis_Results_2026-08-18/07_Y_Q_value/V02after_20240524_tanto_tanto_02_mono_Y_Q_value_framewise.csv,ok
V02before_20220531_tanto_tanto_02_mono.wav,44100,3.111473922902494,137216,2048,2048,12,2400.0,4000.0,-60.0,67,0,0,32,35,10.254793767592924,16.559423070446194,15.085981863403463,4.3142113430342155,66.47876783720997,7.271315801476881,20.19826892555539,12.926953124078508,/mnt/data/Acoustic_Analysis_Results_2026-08-18/07_Y_Q_value/V02before_20220531_tanto_tanto_02_mono_Y_Q_value_framewise.csv,ok
V03after_20190407_tanto_tanto_02_mono.wav,44100,2.3219954648526078,102400,2048,2048,12,2400.0,4000.0,-60.0,50,0,0,24,26,8.851363575644584,9.273448455262605,3.976411580418508,4.3460934533340865,20.10864367845522,6.485292981179385,10.866595417992057,4.381302436812672,/mnt/data/Acoustic_Analysis_Results_2026-08-18/07_Y_Q_value/V03after_20190407_tanto_tanto_02_mono_Y_Q_value_framewise.csv,ok
V03before_20170508_tanto_tanto_02_mono.wav,44100,2.8328344671201813,124928,2048,2048,12,2400.0,4000.0,-60.0,61,0,0,21,40,11.121215760991424,12.369927206459973,6.992782805594484,3.9876715561550427,36.46873687415481,7.157265454358766,15.129646225286837,7.972380770928071,/mnt/data/Acoustic_Analysis_Results_2026-08-18/07_Y_Q_value/V03before_20170508_tanto_tanto_02_mono_Y_Q_value_framewise.csv,ok
V04after_20200706_tanto_tanto_02_mono.wav,44100,3.5294331065759637,155648,2048,2048,12,2400.0,4000.0,-60.0,76,0,0,6,70,13.962632668155015,15.221382230607459,7.66868506842655,4.482561588713205,39.22084492146563,9.205292472420055,18.999614092156335,9.79432161973628,/mnt/data/Acoustic_Analysis_Results_2026-08-18/07_Y_Q_value/V04after_20200706_tanto_tanto_02_mono_Y_Q_value_framewise.csv,ok
V04before_20180730_tanto_tanto_02_mono.wav,44100,2.3219954648526078,102400,2048,2048,12,2400.0,4000.0,-60.0,50,0,0,5,45,22.030927662233413,23.05536487388762,10.469050355523704,4.6886635948479025,68.32312962774694,16.69525084511304,26.639829574515943,9.944578729402902,/mnt/data/Acoustic_Analysis_Results_2026-08-18/07_Y_Q_value/V04before_20180730_tanto_tanto_02_mono_Y_Q_value_framewise.csv,ok
V05after_20240502_tanto_tanto_02_mono.wav,44100,2.182675736961451,96256,2048,2048,12,2400.0,4000.0,-60.0,47,0,0,4,43,25.04501709964765,27.937546354602222,18.536311530445598,4.083436702563452,99.15094626785115,15.932458984866834,35.03487229687532,19.102413312008487,/mnt/data/Acoustic_Analysis_Results_2026-08-18/07_Y_Q_value/V05after_20240502_tanto_tanto_02_mono_Y_Q_value_framewise.csv,ok
V05before_20220420_tanto_tanto_02_mono.wav,44100,2.182675736961451,96256,2048,2048,12,2400.0,4000.0,-60.0,47,0,0,6,41,28.754995323892295,41.31891947282749,33.060581396911694,2.8339940058328663,136.2160861364619,21.032553308539622,61.89218661923546,40.85963331069584,/mnt/data/Acoustic_Analysis_Results_2026-08-18/07_Y_Q_value/V05before_20220420_tanto_tanto_02_mono_Y_Q_value_framewise.csv,ok
V06after_20240618_tanto_tanto_02_mono.wav,44100,2.2755555555555556,100352,2048,2048,12,2400.0,4000.0,-60.0,49,0,0,12,37,15.597371478653764,17.931973890678208,10.099576398565976,4.896418878747088,47.94988867100748,10.400219961582208,22.892364784196854,12.492144822614646,/mnt/data/Acoustic_Analysis_Results_2026-08-18/07_Y_Q_value/V06after_20240618_tanto_tanto_02_mono_Y_Q_value_framewise.csv,ok
V06before_20220530_tanto_tanto_02_mono.wav,44100,3.5294331065759637,155648,2048,2048,12,2400.0,4000.0,-60.0,76,0,0,31,45,17.091357241418322,22.38602499329841,19.10780588574699,2.5124581842650056,98.11446511876096,9.549693990353237,27.059421855720732,17.509727865367495,/mnt/data/Acoustic_Analysis_Results_2026-08-18/07_Y_Q_value/V06before_20220530_tanto_tanto_02_mono_Y_Q_value_framewise.csv,ok
V07after_20200629_tnto_tanto_02_mono.wav,44100,2.461315192743764,108544,2048,2048,12,2400.0,4000.0,-60.0,53,0,0,4,49,16.69948567739362,20.682702206461343,15.668707002202511,3.7167716373056012,95.03336491640512,9.867833850797208,26.373936887194745,16.506103036397537,/mnt/data/Acoustic_Analysis_Results_2026-08-18/07_Y_Q_value/V07after_20200629_tnto_tanto_02_mono_Y_Q_value_framewise.csv,ok
V07before_20180730_tanto_tanto_02_mono.wav,44100,2.461315192743764,108544,2048,2048,12,2400.0,4000.0,-60.0,53,0,0,4,49,28.137353657469117,40.458782599591444,38.4181189035129,8.519881477460707,249.95588700428394,20.28398086715214,46.151328165200134,25.867347298047992,/mnt/data/Acoustic_Analysis_Results_2026-08-18/07_Y_Q_value/V07before_20180730_tanto_tanto_02_mono_Y_Q_value_framewise.csv,ok
V08after_20240422_tanto_tanto_02_mono.wav,44100,2.2291156462585033,98304,2048,2048,12,2400.0,4000.0,-60.0,48,0,0,10,38,24.176213340081155,40.06280268945511,35.58509187338021,5.48895012512366,142.61538037132644,14.270896310562444,62.75916030896044,48.488263998398,/mnt/data/Acoustic_Analysis_Results_2026-08-18/07_Y_Q_value/V08after_20240422_tanto_tanto_02_mono_Y_Q_value_framewise.csv,ok
V08before_20220420_tanto_tanto_01_mono.wav,44100,2.136235827664399,94208,2048,2048,12,2400.0,4000.0,-60.0,46,0,0,5,41,16.007905284508603,18.42242961291797,10.198813528951407,4.085374330337904,53.874285662467315,12.85175326725942,23.13168259021514,10.279929322955718,/mnt/data/Acoustic_Analysis_Results_2026-08-18/07_Y_Q_value/V08before_20220420_tanto_tanto_01_mono_Y_Q_value_framewise.csv,ok
V09after_20190508_tanto_tanto_02_mono.wav,44100,3.1579138321995464,139264,2048,2048,12,2400.0,4000.0,-60.0,68,0,0,29,39,15.090707340004718,22.475413954391698,18.105982236572192,4.836174225853702,69.56433944878926,8.449392905440565,30.548260718741915,22.09886781330135,/mnt/data/Acoustic_Analysis_Results_2026-08-18/07_Y_Q_value/V09after_20190508_tanto_tanto_02_mono_Y_Q_value_framewise.csv,ok
V09before_20170526_tanto_tanto_02_mono.wav,44100,2.8792743764172335,126976,2048,2048,12,2400.0,4000.0,-60.0,62,0,0,45,17,31.881486226653884,32.450235402915794,26.38502800238843,2.2609851611327674,114.36336074006378,21.650323666822448,40.59177597332775,18.9414523065053,/mnt/data/Acoustic_Analysis_Results_2026-08-18/07_Y_Q_value/V09before_20170526_tanto_tanto_02_mono_Y_Q_value_framewise.csv,ok
V10after_20240501_tanto_tanto_02_mono.wav,44100,2.136235827664399,94208,2048,2048,12,2400.0,4000.0,-60.0,46,0,0,24,22,11.385550787943384,11.649151367409251,5.136339108694639,4.312302174842654,24.113299319397917,7.961033939973566,14.111178594002789,6.150144654029223,/mnt/data/Acoustic_Analysis_Results_2026-08-18/07_Y_Q_value/V10after_20240501_tanto_tanto_02_mono_Y_Q_value_framewise.csv,ok
V10before_20220420_tanto_tanto_02_mono.wav,44100,2.089795918367347,92160,2048,2048,12,2400.0,4000.0,-60.0,45,0,0,30,15,27.869284306800633,22.768496464763086,14.056579664836391,0.8972757348631664,40.901381057293115,8.77364744088901,35.694409615968084,26.920762175079076,/mnt/data/Acoustic_Analysis_Results_2026-08-18/07_Y_Q_value/V10before_20220420_tanto_tanto_02_mono_Y_Q_value_framewise.csv,ok
V11after_20240502_tanto_tanto_02_mono.wav,44100,2.414875283446712,106496,2048,2048,12,2400.0,4000.0,-60.0,52,0,0,9,43,13.063079412982196,13.47899040998932,7.3689303618758455,3.2582512594882678,30.069387094204725,7.546352397275799,17.615544641561023,10.069192244285224,/mnt/data/Acoustic_Analysis_Results_2026-08-18/07_Y_Q_value/V11after_20240502_tanto_tanto_02_mono_Y_Q_value_framewise.csv,ok
V11before_20220420_tanto_tanto_02_mono.wav,44100,2.414875283446712,106496,2048,2048,12,2400.0,4000.0,-60.0,52,0,0,2,50,23.454408593486995,27.510208763044897,19.993844220128167,4.2669635549220395,105.80782369078314,12.925407740365989,37.27541184388473,24.350004103518742,/mnt/data/Acoustic_Analysis_Results_2026-08-18/07_Y_Q_value/V11before_20220420_tanto_tanto_02_mono_Y_Q_value_framewise.csv,ok
V12after_20190408_tanto_tanto_02_mono.wav,44100,1.811156462585034,79872,2048,2048,12,2400.0,4000.0,-60.0,39,0,0,10,29,8.004834302722912,9.120057232074918,3.9151295643161097,3.976073162203577,17.90845278305604,6.414499365232456,11.369574709776886,4.95507534454443,/mnt/data/Acoustic_Analysis_Results_2026-08-18/07_Y_Q_value/V12after_20190408_tanto_tanto_02_mono_Y_Q_value_framewise.csv,ok
V12before_20170508_tanto_tanto_02_mono.wav,44100,2.089795918367347,92160,2048,2048,12,2400.0,4000.0,-60.0,45,0,0,22,23,13.690961074965545,13.528317326438936,5.52455173790742,5.363665183220119,26.429647762018757,9.391497722081741,16.332825335541095,6.941327613459354,/mnt/data/Acoustic_Analysis_Results_2026-08-18/07_Y_Q_value/V12before_20170508_tanto_tanto_02_mono_Y_Q_value_framewise.csv,ok
V13after_20190409_tanto_tanto_02_mono.wav,44100,2.043356009070295,90112,2048,2048,12,2400.0,4000.0,-60.0,44,0,0,12,32,13.125440997977982,20.151710387114406,17.653482152234083,4.53179284292994,71.28679354931882,6.94043084920294,29.635270808266498,22.694839959063557,/mnt/data/Acoustic_Analysis_Results_2026-08-18/07_Y_Q_value/V13after_20190409_tanto_tanto_02_mono_Y_Q_value_framewise.csv,ok
V13before_20170508_tanto_tanto_02_mono.wav,44100,1.9504761904761905,86016,2048,2048,12,2400.0,4000.0,-60.0,42,0,0,8,34,20.83846413139948,26.925587741966936,24.37705904710475,4.811832029429055,139.74632732713752,13.18083941621083,31.773150219530766,18.592310803319936,/mnt/data/Acoustic_Analysis_Results_2026-08-18/07_Y_Q_value/V13before_20170508_tanto_tanto_02_mono_Y_Q_value_framewise.csv,ok
