input_file,framewise_csv,sampling_rate_hz,duration_s,frame_size_samples,hop_size_samples,fft_size_points,frame_duration_ms,window,weighting,min_frequency_hz,max_frequency_hz,centroid_definition,n_frames_total,n_valid_centroid_frames,n_invalid_centroid_frames,n_likely_voiced_frames,n_likely_unvoiced_frames,likely_unvoiced_frame_indices,median_spectral_centroid_all_frames_hz,q25_spectral_centroid_all_frames_hz,q75_spectral_centroid_all_frames_hz,iqr_spectral_centroid_all_frames_hz,mean_spectral_centroid_all_frames_hz,sd_spectral_centroid_all_frames_hz,min_spectral_centroid_all_frames_hz,max_spectral_centroid_all_frames_hz,median_spectral_centroid_likely_voiced_frames_hz,iqr_spectral_centroid_likely_voiced_frames_hz,warning
/mnt/data/Acoustic_Analysis_Results_2026-08-18/00_full_2048_frame_wav/E01after_tanto-tanto_20160401_caro-mio-ben_01_mono.wav,/mnt/data/Acoustic_Analysis_Results_2026-08-18/06_Spectral_Centroid/E01after_tanto-tanto_20160401_caro-mio-ben_01_mono_spectral_centroid_framewise.csv,44100,2.693514739,2048,2048,2048,46.439909297,hann,magnitude,0.000000000,22050.000000000,sum(frequency_bin_hz * spectral_weight) / sum(spectral_weight),58,58,0,58,0,,2007.980498919,1809.478621420,2195.009307463,385.530686043,2084.917003191,494.383936685,1388.790507537,4748.766362212,2007.980498919,385.530686043,
/mnt/data/Acoustic_Analysis_Results_2026-08-18/00_full_2048_frame_wav/E01before_tanto-tanto_20141001_02_mono.wav,/mnt/data/Acoustic_Analysis_Results_2026-08-18/06_Spectral_Centroid/E01before_tanto-tanto_20141001_02_mono_spectral_centroid_framewise.csv,44100,1.811156463,2048,2048,2048,46.439909297,hann,magnitude,0.000000000,22050.000000000,sum(frequency_bin_hz * spectral_weight) / sum(spectral_weight),39,39,0,39,0,,2211.756103784,1826.317130259,2430.656779021,604.339648762,2246.613494169,551.344107057,1642.719608524,4064.341971885,2211.756103784,604.339648762,
/mnt/data/Acoustic_Analysis_Results_2026-08-18/00_full_2048_frame_wav/E02after_20160401_tanto-tanto_01_44100_mono.wav,/mnt/data/Acoustic_Analysis_Results_2026-08-18/06_Spectral_Centroid/E02after_20160401_tanto-tanto_01_44100_mono_spectral_centroid_framewise.csv,44100,1.996916100,2048,2048,2048,46.439909297,hann,magnitude,0.000000000,22050.000000000,sum(frequency_bin_hz * spectral_weight) / sum(spectral_weight),43,43,0,43,0,,1463.091976498,1409.082943087,1519.695268933,110.612325847,1460.278250811,177.969589526,1089.166080029,1920.798622146,1463.091976498,110.612325847,
/mnt/data/Acoustic_Analysis_Results_2026-08-18/00_full_2048_frame_wav/E02before_20141001_tanto-tanto_01_44100_mono.wav,/mnt/data/Acoustic_Analysis_Results_2026-08-18/06_Spectral_Centroid/E02before_20141001_tanto-tanto_01_44100_mono_spectral_centroid_framewise.csv,44100,2.043356009,2048,2048,2048,46.439909297,hann,magnitude,0.000000000,22050.000000000,sum(frequency_bin_hz * spectral_weight) / sum(spectral_weight),44,44,0,44,0,,1578.534596863,1497.347979804,1932.541513416,435.193533612,1817.215536729,696.973630620,1128.203071441,4624.955964135,1578.534596863,435.193533612,
/mnt/data/Acoustic_Analysis_Results_2026-08-18/00_full_2048_frame_wav/E03after_tanto-tanto_20240223_caro-mio-ben_02_mono.wav,/mnt/data/Acoustic_Analysis_Results_2026-08-18/06_Spectral_Centroid/E03after_tanto-tanto_20240223_caro-mio-ben_02_mono_spectral_centroid_framewise.csv,44100,2.182675737,2048,2048,2048,46.439909297,hann,magnitude,0.000000000,22050.000000000,sum(frequency_bin_hz * spectral_weight) / sum(spectral_weight),47,47,0,47,0,,2246.129107832,2024.056197372,2647.793975488,623.737778117,2604.786141266,957.475193569,1710.688693115,5508.600723168,2246.129107832,623.737778117,
/mnt/data/Acoustic_Analysis_Results_2026-08-18/00_full_2048_frame_wav/E03before_tanto-tanto_20220607_caro-mio-ben_02_1__mono.wav,/mnt/data/Acoustic_Analysis_Results_2026-08-18/06_Spectral_Centroid/E03before_tanto-tanto_20220607_caro-mio-ben_02_1__mono_spectral_centroid_framewise.csv,44100,2.043356009,2048,2048,2048,46.439909297,hann,magnitude,0.000000000,22050.000000000,sum(frequency_bin_hz * spectral_weight) / sum(spectral_weight),44,44,0,44,0,,1862.983140808,1535.620794194,1986.101931354,450.481137161,1777.906278017,328.539679455,1158.133112175,2319.684058876,1862.983140808,450.481137161,
/mnt/data/Acoustic_Analysis_Results_2026-08-18/00_full_2048_frame_wav/E04after_20240223_tanto-tanto_02_mono.wav,/mnt/data/Acoustic_Analysis_Results_2026-08-18/06_Spectral_Centroid/E04after_20240223_tanto-tanto_02_mono_spectral_centroid_framewise.csv,44100,2.554195011,2048,2048,2048,46.439909297,hann,magnitude,0.000000000,22050.000000000,sum(frequency_bin_hz * spectral_weight) / sum(spectral_weight),55,55,0,55,0,,2050.822677917,1778.874969578,2338.611562347,559.736592768,2418.093212969,1026.445063717,1464.281957400,5787.662753955,2050.822677917,559.736592768,
/mnt/data/Acoustic_Analysis_Results_2026-08-18/00_full_2048_frame_wav/E04before_20220607_tanto-tanto_02_mono.wav,/mnt/data/Acoustic_Analysis_Results_2026-08-18/06_Spectral_Centroid/E04before_20220607_tanto-tanto_02_mono_spectral_centroid_framewise.csv,44100,2.600634921,2048,2048,2048,46.439909297,hann,magnitude,0.000000000,22050.000000000,sum(frequency_bin_hz * spectral_weight) / sum(spectral_weight),56,56,0,56,0,,1659.116579304,1518.711025389,2019.101882573,500.390857184,1786.225591195,443.744226023,1066.227437877,3219.583246732,1659.116579304,500.390857184,
/mnt/data/Acoustic_Analysis_Results_2026-08-18/00_full_2048_frame_wav/E05after_tanto-tanto240206_0629caro-2_mono.wav,/mnt/data/Acoustic_Analysis_Results_2026-08-18/06_Spectral_Centroid/E05after_tanto-tanto240206_0629caro-2_mono_spectral_centroid_framewise.csv,44100,1.811156463,2048,2048,2048,46.439909297,hann,magnitude,0.000000000,22050.000000000,sum(frequency_bin_hz * spectral_weight) / sum(spectral_weight),39,39,0,39,0,,1907.577335262,1754.902862549,2108.706616787,353.803754238,2021.458747093,528.843434497,1404.665803605,4110.298833901,1907.577335262,353.803754238,
/mnt/data/Acoustic_Analysis_Results_2026-08-18/00_full_2048_frame_wav/E05before_tanto-tanto_20220531_caro-mio-ben_02_mono.wav,/mnt/data/Acoustic_Analysis_Results_2026-08-18/06_Spectral_Centroid/E05before_tanto-tanto_20220531_caro-mio-ben_02_mono_spectral_centroid_framewise.csv,44100,2.182675737,2048,2048,2048,46.439909297,hann,magnitude,0.000000000,22050.000000000,sum(frequency_bin_hz * spectral_weight) / sum(spectral_weight),47,47,0,47,0,,1513.366414401,1288.117067003,1656.132538511,368.015471507,1486.980705818,343.098416865,736.475809259,3028.764282385,1513.366414401,368.015471507,
/mnt/data/Acoustic_Analysis_Results_2026-08-18/00_full_2048_frame_wav/E06after_tanto-tanto240206_caro-mio-ben_02_mono.wav,/mnt/data/Acoustic_Analysis_Results_2026-08-18/06_Spectral_Centroid/E06after_tanto-tanto240206_caro-mio-ben_02_mono_spectral_centroid_framewise.csv,44100,2.461315193,2048,2048,2048,46.439909297,hann,magnitude,0.000000000,22050.000000000,sum(frequency_bin_hz * spectral_weight) / sum(spectral_weight),53,53,0,53,0,,2012.287934962,1747.345724945,2395.551388894,648.205663948,2313.584656808,919.141207935,1505.135885269,5906.923338956,2012.287934962,648.205663948,
/mnt/data/Acoustic_Analysis_Results_2026-08-18/00_full_2048_frame_wav/E06before_tanto-tanto_20220607_caro-mio-ben_02_mono.wav,/mnt/data/Acoustic_Analysis_Results_2026-08-18/06_Spectral_Centroid/E06before_tanto-tanto_20220607_caro-mio-ben_02_mono_spectral_centroid_framewise.csv,44100,2.182675737,2048,2048,2048,46.439909297,hann,magnitude,0.000000000,22050.000000000,sum(frequency_bin_hz * spectral_weight) / sum(spectral_weight),47,47,0,47,0,,1332.060210456,1162.811909870,1438.184804464,275.372894594,1343.695841409,224.524414945,1002.433807805,2202.054945445,1332.060210456,275.372894594,
/mnt/data/Acoustic_Analysis_Results_2026-08-18/00_full_2048_frame_wav/E07after_tanto-tanto_240206_caro-mio-ben_02_mono.wav,/mnt/data/Acoustic_Analysis_Results_2026-08-18/06_Spectral_Centroid/E07after_tanto-tanto_240206_caro-mio-ben_02_mono_spectral_centroid_framewise.csv,44100,1.996916100,2048,2048,2048,46.439909297,hann,magnitude,0.000000000,22050.000000000,sum(frequency_bin_hz * spectral_weight) / sum(spectral_weight),43,43,0,43,0,,2018.464409667,1931.487941037,2272.514762267,341.026821230,2176.182213913,418.941263985,1771.119428919,3926.040267976,2018.464409667,341.026821230,
/mnt/data/Acoustic_Analysis_Results_2026-08-18/00_full_2048_frame_wav/E07before_tanto-tanto_20220531_caro-mio-ben_02_mono.wav,/mnt/data/Acoustic_Analysis_Results_2026-08-18/06_Spectral_Centroid/E07before_tanto-tanto_20220531_caro-mio-ben_02_mono_spectral_centroid_framewise.csv,44100,1.718276644,2048,2048,2048,46.439909297,hann,magnitude,0.000000000,22050.000000000,sum(frequency_bin_hz * spectral_weight) / sum(spectral_weight),37,37,0,37,0,,1903.009383142,1602.362552770,2321.297836090,718.935283319,1955.404550012,449.921128526,1044.005507517,2680.546704750,1903.009383142,718.935283319,
/mnt/data/Acoustic_Analysis_Results_2026-08-18/00_full_2048_frame_wav/M2025_tanto_tanto_mono.wav,/mnt/data/Acoustic_Analysis_Results_2026-08-18/06_Spectral_Centroid/M2025_tanto_tanto_mono_spectral_centroid_framewise.csv,44100,2.832834467,2048,2048,2048,46.439909297,hann,magnitude,0.000000000,22050.000000000,sum(frequency_bin_hz * spectral_weight) / sum(spectral_weight),61,61,0,61,0,,1571.265648314,1477.955429188,1693.664514476,215.709085287,1664.787521730,550.563062844,1037.942849237,5004.480006932,1571.265648314,215.709085287,
/mnt/data/Acoustic_Analysis_Results_2026-08-18/00_full_2048_frame_wav/V01after_20190408tanto_tanto_02_mono.wav,/mnt/data/Acoustic_Analysis_Results_2026-08-18/06_Spectral_Centroid/V01after_20190408tanto_tanto_02_mono_spectral_centroid_framewise.csv,44100,1.996916100,2048,2048,2048,46.439909297,hann,magnitude,0.000000000,22050.000000000,sum(frequency_bin_hz * spectral_weight) / sum(spectral_weight),43,43,0,43,0,,1584.107771534,1464.877602430,1703.972497850,239.094895420,1609.825726202,177.227489047,1284.503521731,2127.960061425,1584.107771534,239.094895420,
/mnt/data/Acoustic_Analysis_Results_2026-08-18/00_full_2048_frame_wav/V01before_20170508_tanto_tanto_02_mono.wav,/mnt/data/Acoustic_Analysis_Results_2026-08-18/06_Spectral_Centroid/V01before_20170508_tanto_tanto_02_mono_spectral_centroid_framewise.csv,44100,2.136235828,2048,2048,2048,46.439909297,hann,magnitude,0.000000000,22050.000000000,sum(frequency_bin_hz * spectral_weight) / sum(spectral_weight),46,46,0,46,0,,1490.064280691,1397.398627036,1605.954420263,208.555793227,1536.776251997,267.305783148,1095.927102894,2569.946777169,1490.064280691,208.555793227,
/mnt/data/Acoustic_Analysis_Results_2026-08-18/00_full_2048_frame_wav/V02after_20240524_tanto_tanto_02_mono.wav,/mnt/data/Acoustic_Analysis_Results_2026-08-18/06_Spectral_Centroid/V02after_20240524_tanto_tanto_02_mono_spectral_centroid_framewise.csv,44100,2.414875283,2048,2048,2048,46.439909297,hann,magnitude,0.000000000,22050.000000000,sum(frequency_bin_hz * spectral_weight) / sum(spectral_weight),52,52,0,52,0,,1590.850890723,1508.983003121,1847.465268056,338.482264935,1826.501020432,589.570558968,1308.721605319,4928.306151238,1590.850890723,338.482264935,
/mnt/data/Acoustic_Analysis_Results_2026-08-18/00_full_2048_frame_wav/V02before_20220531_tanto_tanto_02_mono.wav,/mnt/data/Acoustic_Analysis_Results_2026-08-18/06_Spectral_Centroid/V02before_20220531_tanto_tanto_02_mono_spectral_centroid_framewise.csv,44100,3.111473923,2048,2048,2048,46.439909297,hann,magnitude,0.000000000,22050.000000000,sum(frequency_bin_hz * spectral_weight) / sum(spectral_weight),67,67,0,67,0,,1317.956932244,1123.529651310,1478.438282842,354.908631532,1319.630664440,257.128801816,916.084922547,2024.004080386,1317.956932244,354.908631532,
/mnt/data/Acoustic_Analysis_Results_2026-08-18/00_full_2048_frame_wav/V03after_20190407_tanto_tanto_02_mono.wav,/mnt/data/Acoustic_Analysis_Results_2026-08-18/06_Spectral_Centroid/V03after_20190407_tanto_tanto_02_mono_spectral_centroid_framewise.csv,44100,2.321995465,2048,2048,2048,46.439909297,hann,magnitude,0.000000000,22050.000000000,sum(frequency_bin_hz * spectral_weight) / sum(spectral_weight),50,50,0,50,0,,1918.732506007,1801.065348971,2054.072236067,253.006887096,2061.504605299,496.636295155,1588.250772309,4272.943844237,1918.732506007,253.006887096,
/mnt/data/Acoustic_Analysis_Results_2026-08-18/00_full_2048_frame_wav/V03before_20170508_tanto_tanto_02_mono.wav,/mnt/data/Acoustic_Analysis_Results_2026-08-18/06_Spectral_Centroid/V03before_20170508_tanto_tanto_02_mono_spectral_centroid_framewise.csv,44100,2.832834467,2048,2048,2048,46.439909297,hann,magnitude,0.000000000,22050.000000000,sum(frequency_bin_hz * spectral_weight) / sum(spectral_weight),61,61,0,59,2,"0,3",1996.055727197,1858.566604576,2220.461791920,361.895187344,2152.356082111,614.130148236,1366.089150947,5117.243162824,1991.471980234,353.291531119,"likely_unvoiced_or_low_periodicity_frames_detected: 0,3"
/mnt/data/Acoustic_Analysis_Results_2026-08-18/00_full_2048_frame_wav/V04after_20200706_tanto_tanto_02_mono.wav,/mnt/data/Acoustic_Analysis_Results_2026-08-18/06_Spectral_Centroid/V04after_20200706_tanto_tanto_02_mono_spectral_centroid_framewise.csv,44100,3.529433107,2048,2048,2048,46.439909297,hann,magnitude,0.000000000,22050.000000000,sum(frequency_bin_hz * spectral_weight) / sum(spectral_weight),76,76,0,76,0,,1915.022621513,1781.378547601,2072.248247619,290.869700018,1944.256434699,309.720045600,1366.100346272,3446.746165959,1915.022621513,290.869700018,
/mnt/data/Acoustic_Analysis_Results_2026-08-18/00_full_2048_frame_wav/V04before_20180730_tanto_tanto_02_mono.wav,/mnt/data/Acoustic_Analysis_Results_2026-08-18/06_Spectral_Centroid/V04before_20180730_tanto_tanto_02_mono_spectral_centroid_framewise.csv,44100,2.321995465,2048,2048,2048,46.439909297,hann,magnitude,0.000000000,22050.000000000,sum(frequency_bin_hz * spectral_weight) / sum(spectral_weight),50,50,0,50,0,,1899.465716205,1752.133028297,2034.188936260,282.055907963,1908.272191527,241.736342281,1469.916424904,2667.776233993,1899.465716205,282.055907963,
/mnt/data/Acoustic_Analysis_Results_2026-08-18/00_full_2048_frame_wav/V05after_20240502_tanto_tanto_02_mono.wav,/mnt/data/Acoustic_Analysis_Results_2026-08-18/06_Spectral_Centroid/V05after_20240502_tanto_tanto_02_mono_spectral_centroid_framewise.csv,44100,2.182675737,2048,2048,2048,46.439909297,hann,magnitude,0.000000000,22050.000000000,sum(frequency_bin_hz * spectral_weight) / sum(spectral_weight),47,47,0,47,0,,1857.527129436,1743.728480496,2067.406778972,323.678298476,1948.562521862,386.264478742,1428.847007150,3454.032810527,1857.527129436,323.678298476,
/mnt/data/Acoustic_Analysis_Results_2026-08-18/00_full_2048_frame_wav/V05before_20220420_tanto_tanto_02_mono.wav,/mnt/data/Acoustic_Analysis_Results_2026-08-18/06_Spectral_Centroid/V05before_20220420_tanto_tanto_02_mono_spectral_centroid_framewise.csv,44100,2.182675737,2048,2048,2048,46.439909297,hann,magnitude,0.000000000,22050.000000000,sum(frequency_bin_hz * spectral_weight) / sum(spectral_weight),47,47,0,47,0,,2141.016089620,1994.311152150,2320.884554989,326.573402838,2209.471406013,471.425977320,1581.338196639,4444.881097445,2141.016089620,326.573402838,
/mnt/data/Acoustic_Analysis_Results_2026-08-18/00_full_2048_frame_wav/V06after_20240618_tanto_tanto_02_mono.wav,/mnt/data/Acoustic_Analysis_Results_2026-08-18/06_Spectral_Centroid/V06after_20240618_tanto_tanto_02_mono_spectral_centroid_framewise.csv,44100,2.275555556,2048,2048,2048,46.439909297,hann,magnitude,0.000000000,22050.000000000,sum(frequency_bin_hz * spectral_weight) / sum(spectral_weight),49,49,0,49,0,,1565.978959298,1472.953945889,1685.854003204,212.900057315,1689.776626326,406.678862564,1372.063790957,3609.263060496,1565.978959298,212.900057315,
/mnt/data/Acoustic_Analysis_Results_2026-08-18/00_full_2048_frame_wav/V06before_20220530_tanto_tanto_02_mono.wav,/mnt/data/Acoustic_Analysis_Results_2026-08-18/06_Spectral_Centroid/V06before_20220530_tanto_tanto_02_mono_spectral_centroid_framewise.csv,44100,3.529433107,2048,2048,2048,46.439909297,hann,magnitude,0.000000000,22050.000000000,sum(frequency_bin_hz * spectral_weight) / sum(spectral_weight),76,76,0,76,0,,1591.870703889,1419.360649127,1790.220083797,370.859434670,1827.706779270,738.036111551,1163.564935747,4527.299826281,1591.870703889,370.859434670,
/mnt/data/Acoustic_Analysis_Results_2026-08-18/00_full_2048_frame_wav/V07after_20200629_tnto_tanto_02_mono.wav,/mnt/data/Acoustic_Analysis_Results_2026-08-18/06_Spectral_Centroid/V07after_20200629_tnto_tanto_02_mono_spectral_centroid_framewise.csv,44100,2.461315193,2048,2048,2048,46.439909297,hann,magnitude,0.000000000,22050.000000000,sum(frequency_bin_hz * spectral_weight) / sum(spectral_weight),53,53,0,53,0,,1582.676984142,1490.076170503,1720.803907275,230.727736772,1591.708580842,196.577728180,1049.524623032,2026.332543837,1582.676984142,230.727736772,
/mnt/data/Acoustic_Analysis_Results_2026-08-18/00_full_2048_frame_wav/V07before_20180730_tanto_tanto_02_mono.wav,/mnt/data/Acoustic_Analysis_Results_2026-08-18/06_Spectral_Centroid/V07before_20180730_tanto_tanto_02_mono_spectral_centroid_framewise.csv,44100,2.461315193,2048,2048,2048,46.439909297,hann,magnitude,0.000000000,22050.000000000,sum(frequency_bin_hz * spectral_weight) / sum(spectral_weight),53,53,0,53,0,,1891.703134814,1773.992226230,2030.934689958,256.942463728,1901.322055888,221.425740541,1488.743044005,2562.812914919,1891.703134814,256.942463728,
/mnt/data/Acoustic_Analysis_Results_2026-08-18/00_full_2048_frame_wav/V08after_20240422_tanto_tanto_02_mono.wav,/mnt/data/Acoustic_Analysis_Results_2026-08-18/06_Spectral_Centroid/V08after_20240422_tanto_tanto_02_mono_spectral_centroid_framewise.csv,44100,2.229115646,2048,2048,2048,46.439909297,hann,magnitude,0.000000000,22050.000000000,sum(frequency_bin_hz * spectral_weight) / sum(spectral_weight),48,48,0,48,0,,1700.154610571,1507.604742871,1889.697097745,382.092354875,1790.489458663,541.679057574,1160.836559078,4543.538186295,1700.154610571,382.092354875,
/mnt/data/Acoustic_Analysis_Results_2026-08-18/00_full_2048_frame_wav/V08before_20220420_tanto_tanto_01_mono.wav,/mnt/data/Acoustic_Analysis_Results_2026-08-18/06_Spectral_Centroid/V08before_20220420_tanto_tanto_01_mono_spectral_centroid_framewise.csv,44100,2.136235828,2048,2048,2048,46.439909297,hann,magnitude,0.000000000,22050.000000000,sum(frequency_bin_hz * spectral_weight) / sum(spectral_weight),46,46,0,46,0,,2146.163300281,1647.028995583,2389.496930654,742.467935071,2109.322395906,534.091940431,1189.503434968,4369.665685221,2146.163300281,742.467935071,
/mnt/data/Acoustic_Analysis_Results_2026-08-18/00_full_2048_frame_wav/V09after_20190508_tanto_tanto_02_mono.wav,/mnt/data/Acoustic_Analysis_Results_2026-08-18/06_Spectral_Centroid/V09after_20190508_tanto_tanto_02_mono_spectral_centroid_framewise.csv,44100,3.157913832,2048,2048,2048,46.439909297,hann,magnitude,0.000000000,22050.000000000,sum(frequency_bin_hz * spectral_weight) / sum(spectral_weight),68,68,0,68,0,,1598.022419421,1479.332117868,1760.695125034,281.363007165,1656.737531218,349.106595771,1101.390390127,3860.530694514,1598.022419421,281.363007165,
/mnt/data/Acoustic_Analysis_Results_2026-08-18/00_full_2048_frame_wav/V09before_20170526_tanto_tanto_02_mono.wav,/mnt/data/Acoustic_Analysis_Results_2026-08-18/06_Spectral_Centroid/V09before_20170526_tanto_tanto_02_mono_spectral_centroid_framewise.csv,44100,2.879274376,2048,2048,2048,46.439909297,hann,magnitude,0.000000000,22050.000000000,sum(frequency_bin_hz * spectral_weight) / sum(spectral_weight),62,62,0,62,0,,1395.679076276,1331.452827143,1503.709726309,172.256899166,1518.610144950,596.600454319,1056.378585938,5042.231785232,1395.679076276,172.256899166,
/mnt/data/Acoustic_Analysis_Results_2026-08-18/00_full_2048_frame_wav/V10after_20240501_tanto_tanto_02_mono.wav,/mnt/data/Acoustic_Analysis_Results_2026-08-18/06_Spectral_Centroid/V10after_20240501_tanto_tanto_02_mono_spectral_centroid_framewise.csv,44100,2.136235828,2048,2048,2048,46.439909297,hann,magnitude,0.000000000,22050.000000000,sum(frequency_bin_hz * spectral_weight) / sum(spectral_weight),46,46,0,46,0,,1805.950100903,1605.945371943,2012.767554947,406.822183004,1965.685266164,623.143941733,1413.352170793,4630.935571153,1805.950100903,406.822183004,
/mnt/data/Acoustic_Analysis_Results_2026-08-18/00_full_2048_frame_wav/V10before_20220420_tanto_tanto_02_mono.wav,/mnt/data/Acoustic_Analysis_Results_2026-08-18/06_Spectral_Centroid/V10before_20220420_tanto_tanto_02_mono_spectral_centroid_framewise.csv,44100,2.089795918,2048,2048,2048,46.439909297,hann,magnitude,0.000000000,22050.000000000,sum(frequency_bin_hz * spectral_weight) / sum(spectral_weight),45,45,0,44,1,2,1626.243382151,1436.772161668,2343.997124196,907.224962528,2017.972228885,837.680145376,1237.561128399,5284.098381794,1624.039691119,872.146571992,likely_unvoiced_or_low_periodicity_frames_detected: 2
/mnt/data/Acoustic_Analysis_Results_2026-08-18/00_full_2048_frame_wav/V11after_20240502_tanto_tanto_02_mono.wav,/mnt/data/Acoustic_Analysis_Results_2026-08-18/06_Spectral_Centroid/V11after_20240502_tanto_tanto_02_mono_spectral_centroid_framewise.csv,44100,2.414875283,2048,2048,2048,46.439909297,hann,magnitude,0.000000000,22050.000000000,sum(frequency_bin_hz * spectral_weight) / sum(spectral_weight),52,52,0,52,0,,1857.667649986,1677.283134062,2019.133952801,341.850818738,1911.206818930,338.301494834,1493.331171321,3364.565880479,1857.667649986,341.850818738,
/mnt/data/Acoustic_Analysis_Results_2026-08-18/00_full_2048_frame_wav/V11before_20220420_tanto_tanto_02_mono.wav,/mnt/data/Acoustic_Analysis_Results_2026-08-18/06_Spectral_Centroid/V11before_20220420_tanto_tanto_02_mono_spectral_centroid_framewise.csv,44100,2.414875283,2048,2048,2048,46.439909297,hann,magnitude,0.000000000,22050.000000000,sum(frequency_bin_hz * spectral_weight) / sum(spectral_weight),52,52,0,52,0,,1935.914677786,1708.935975865,2130.567115550,421.631139685,1935.992224158,266.656617602,1526.222517518,2682.144783160,1935.914677786,421.631139685,
/mnt/data/Acoustic_Analysis_Results_2026-08-18/00_full_2048_frame_wav/V12after_20190408_tanto_tanto_02_mono.wav,/mnt/data/Acoustic_Analysis_Results_2026-08-18/06_Spectral_Centroid/V12after_20190408_tanto_tanto_02_mono_spectral_centroid_framewise.csv,44100,1.811156463,2048,2048,2048,46.439909297,hann,magnitude,0.000000000,22050.000000000,sum(frequency_bin_hz * spectral_weight) / sum(spectral_weight),39,39,0,39,0,,1442.806674589,1293.313611294,1667.256964501,373.943353207,1486.129865999,276.359193979,1019.770906337,2223.867597872,1442.806674589,373.943353207,
/mnt/data/Acoustic_Analysis_Results_2026-08-18/00_full_2048_frame_wav/V12before_20170508_tanto_tanto_02_mono.wav,/mnt/data/Acoustic_Analysis_Results_2026-08-18/06_Spectral_Centroid/V12before_20170508_tanto_tanto_02_mono_spectral_centroid_framewise.csv,44100,2.089795918,2048,2048,2048,46.439909297,hann,magnitude,0.000000000,22050.000000000,sum(frequency_bin_hz * spectral_weight) / sum(spectral_weight),45,45,0,45,0,,1572.047628524,1430.778198069,1787.043676416,356.265478347,1625.274221388,392.001587638,967.347034139,3505.636225872,1572.047628524,356.265478347,
/mnt/data/Acoustic_Analysis_Results_2026-08-18/00_full_2048_frame_wav/V13after_20190409_tanto_tanto_02_mono.wav,/mnt/data/Acoustic_Analysis_Results_2026-08-18/06_Spectral_Centroid/V13after_20190409_tanto_tanto_02_mono_spectral_centroid_framewise.csv,44100,2.043356009,2048,2048,2048,46.439909297,hann,magnitude,0.000000000,22050.000000000,sum(frequency_bin_hz * spectral_weight) / sum(spectral_weight),44,44,0,44,0,,1801.837102397,1667.473991504,1978.277053935,310.803062431,1789.225491644,324.287089611,1173.287770637,2600.868602038,1801.837102397,310.803062431,
/mnt/data/Acoustic_Analysis_Results_2026-08-18/00_full_2048_frame_wav/V13before_20170508_tanto_tanto_02_mono.wav,/mnt/data/Acoustic_Analysis_Results_2026-08-18/06_Spectral_Centroid/V13before_20170508_tanto_tanto_02_mono_spectral_centroid_framewise.csv,44100,1.950476190,2048,2048,2048,46.439909297,hann,magnitude,0.000000000,22050.000000000,sum(frequency_bin_hz * spectral_weight) / sum(spectral_weight),42,42,0,42,0,,1883.763648215,1756.820944558,2027.960253758,271.139309200,1887.973860511,276.105407266,1289.054996039,2893.702702281,1883.763648215,271.139309200,
