file,path,sampling_rate_hz,duration_s,frame_size_samples,hop_size_samples,n_fft,frame_duration_ms,method,low_band_hz,high_band_hz,n_frames_total,n_frames_included,median_spr_db,mean_spr_db,sd_spr_db,min_spr_db,max_spr_db,framewise_csv
E01after_tanto-tanto_20160401_caro-mio-ben_01_mono.wav,/mnt/data/Acoustic_Analysis_Results_2026-08-18/00_full_2048_frame_wav/E01after_tanto-tanto_20160401_caro-mio-ben_01_mono.wav,44100,2.693514739229025,2048,2048,2048,46.439909297052154,peak,0.0-2000.0,2000.0-4000.0,58,58,-19.04235401981942,-20.526218925250284,8.984311730530628,-45.072273788666344,-3.950434027924458,/mnt/data/Acoustic_Analysis_Results_2026-08-18/05_SPR/E01after_tanto-tanto_20160401_caro-mio-ben_01_mono_spr_framewise.csv
E01before_tanto-tanto_20141001_02_mono.wav,/mnt/data/Acoustic_Analysis_Results_2026-08-18/00_full_2048_frame_wav/E01before_tanto-tanto_20141001_02_mono.wav,44100,1.811156462585034,2048,2048,2048,46.439909297052154,peak,0.0-2000.0,2000.0-4000.0,39,39,-21.20845192819963,-21.47243716603482,8.546243474196823,-41.38804226262834,-6.207967748552545,/mnt/data/Acoustic_Analysis_Results_2026-08-18/05_SPR/E01before_tanto-tanto_20141001_02_mono_spr_framewise.csv
E02after_20160401_tanto-tanto_01_44100_mono.wav,/mnt/data/Acoustic_Analysis_Results_2026-08-18/00_full_2048_frame_wav/E02after_20160401_tanto-tanto_01_44100_mono.wav,44100,1.9969160997732427,2048,2048,2048,46.439909297052154,peak,0.0-2000.0,2000.0-4000.0,43,43,-24.606308373277926,-24.108407276342568,6.235750725456818,-42.78762947024731,-9.64457581276497,/mnt/data/Acoustic_Analysis_Results_2026-08-18/05_SPR/E02after_20160401_tanto-tanto_01_44100_mono_spr_framewise.csv
E02before_20141001_tanto-tanto_01_44100_mono.wav,/mnt/data/Acoustic_Analysis_Results_2026-08-18/00_full_2048_frame_wav/E02before_20141001_tanto-tanto_01_44100_mono.wav,44100,2.043356009070295,2048,2048,2048,46.439909297052154,peak,0.0-2000.0,2000.0-4000.0,44,44,-21.465998678787358,-23.00296217462082,5.026290113130358,-35.57232023849288,-15.645558644164277,/mnt/data/Acoustic_Analysis_Results_2026-08-18/05_SPR/E02before_20141001_tanto-tanto_01_44100_mono_spr_framewise.csv
E03after_tanto-tanto_20240223_caro-mio-ben_02_mono.wav,/mnt/data/Acoustic_Analysis_Results_2026-08-18/00_full_2048_frame_wav/E03after_tanto-tanto_20240223_caro-mio-ben_02_mono.wav,44100,2.182675736961451,2048,2048,2048,46.439909297052154,peak,0.0-2000.0,2000.0-4000.0,47,47,-24.184112661076746,-25.24070420449159,7.069769229811588,-39.589799113327715,-11.502957771987823,/mnt/data/Acoustic_Analysis_Results_2026-08-18/05_SPR/E03after_tanto-tanto_20240223_caro-mio-ben_02_mono_spr_framewise.csv
E03before_tanto-tanto_20220607_caro-mio-ben_02_1__mono.wav,/mnt/data/Acoustic_Analysis_Results_2026-08-18/00_full_2048_frame_wav/E03before_tanto-tanto_20220607_caro-mio-ben_02_1__mono.wav,44100,2.043356009070295,2048,2048,2048,46.439909297052154,peak,0.0-2000.0,2000.0-4000.0,44,44,-30.59370488607381,-31.942012988914836,6.533070248642724,-46.373363360438624,-19.723824838513565,/mnt/data/Acoustic_Analysis_Results_2026-08-18/05_SPR/E03before_tanto-tanto_20220607_caro-mio-ben_02_1__mono_spr_framewise.csv
E04after_20240223_tanto-tanto_02_mono.wav,/mnt/data/Acoustic_Analysis_Results_2026-08-18/00_full_2048_frame_wav/E04after_20240223_tanto-tanto_02_mono.wav,44100,2.5541950113378684,2048,2048,2048,46.439909297052154,peak,0.0-2000.0,2000.0-4000.0,55,55,-22.496149647680515,-23.80092699293179,6.186944059492283,-40.069268808123,-11.467367278665996,/mnt/data/Acoustic_Analysis_Results_2026-08-18/05_SPR/E04after_20240223_tanto-tanto_02_mono_spr_framewise.csv
E04before_20220607_tanto-tanto_02_mono.wav,/mnt/data/Acoustic_Analysis_Results_2026-08-18/00_full_2048_frame_wav/E04before_20220607_tanto-tanto_02_mono.wav,44100,2.6006349206349206,2048,2048,2048,46.439909297052154,peak,0.0-2000.0,2000.0-4000.0,56,56,-28.661328594723038,-28.26939860143815,7.629337175701652,-47.751770600070884,-13.992485001811367,/mnt/data/Acoustic_Analysis_Results_2026-08-18/05_SPR/E04before_20220607_tanto-tanto_02_mono_spr_framewise.csv
E05after_tanto-tanto240206_0629caro-2_mono.wav,/mnt/data/Acoustic_Analysis_Results_2026-08-18/00_full_2048_frame_wav/E05after_tanto-tanto240206_0629caro-2_mono.wav,44100,1.811156462585034,2048,2048,2048,46.439909297052154,peak,0.0-2000.0,2000.0-4000.0,39,39,-20.324927831701093,-20.765622732876604,8.147584257485935,-40.801209589162866,-4.972588387523528,/mnt/data/Acoustic_Analysis_Results_2026-08-18/05_SPR/E05after_tanto-tanto240206_0629caro-2_mono_spr_framewise.csv
E05before_tanto-tanto_20220531_caro-mio-ben_02_mono.wav,/mnt/data/Acoustic_Analysis_Results_2026-08-18/00_full_2048_frame_wav/E05before_tanto-tanto_20220531_caro-mio-ben_02_mono.wav,44100,2.182675736961451,2048,2048,2048,46.439909297052154,peak,0.0-2000.0,2000.0-4000.0,47,47,-27.41030957838837,-27.38263668276062,7.520641204440279,-47.024369457554215,-12.37011407402478,/mnt/data/Acoustic_Analysis_Results_2026-08-18/05_SPR/E05before_tanto-tanto_20220531_caro-mio-ben_02_mono_spr_framewise.csv
E06after_tanto-tanto240206_caro-mio-ben_02_mono.wav,/mnt/data/Acoustic_Analysis_Results_2026-08-18/00_full_2048_frame_wav/E06after_tanto-tanto240206_caro-mio-ben_02_mono.wav,44100,2.461315192743764,2048,2048,2048,46.439909297052154,peak,0.0-2000.0,2000.0-4000.0,53,53,-21.86114322593264,-22.709171235476838,7.982303102411564,-41.89641416129036,-5.814890801623259,/mnt/data/Acoustic_Analysis_Results_2026-08-18/05_SPR/E06after_tanto-tanto240206_caro-mio-ben_02_mono_spr_framewise.csv
E06before_tanto-tanto_20220607_caro-mio-ben_02_mono.wav,/mnt/data/Acoustic_Analysis_Results_2026-08-18/00_full_2048_frame_wav/E06before_tanto-tanto_20220607_caro-mio-ben_02_mono.wav,44100,2.182675736961451,2048,2048,2048,46.439909297052154,peak,0.0-2000.0,2000.0-4000.0,47,47,-33.70646854469116,-33.201760459518674,7.579545952313916,-47.76480243436521,-20.173575146042392,/mnt/data/Acoustic_Analysis_Results_2026-08-18/05_SPR/E06before_tanto-tanto_20220607_caro-mio-ben_02_mono_spr_framewise.csv
E07after_tanto-tanto_240206_caro-mio-ben_02_mono.wav,/mnt/data/Acoustic_Analysis_Results_2026-08-18/00_full_2048_frame_wav/E07after_tanto-tanto_240206_caro-mio-ben_02_mono.wav,44100,1.9969160997732427,2048,2048,2048,46.439909297052154,peak,0.0-2000.0,2000.0-4000.0,43,43,-22.633230686564065,-23.133490575194095,5.901766073126113,-34.46156406449509,-12.141106317896435,/mnt/data/Acoustic_Analysis_Results_2026-08-18/05_SPR/E07after_tanto-tanto_240206_caro-mio-ben_02_mono_spr_framewise.csv
E07before_tanto-tanto_20220531_caro-mio-ben_02_mono.wav,/mnt/data/Acoustic_Analysis_Results_2026-08-18/00_full_2048_frame_wav/E07before_tanto-tanto_20220531_caro-mio-ben_02_mono.wav,44100,1.7182766439909296,2048,2048,2048,46.439909297052154,peak,0.0-2000.0,2000.0-4000.0,37,37,-27.87061973667358,-26.625812823665747,8.495587940097856,-41.87878580319673,-9.39244515837199,/mnt/data/Acoustic_Analysis_Results_2026-08-18/05_SPR/E07before_tanto-tanto_20220531_caro-mio-ben_02_mono_spr_framewise.csv
M2025_tanto_tanto_mono.wav,/mnt/data/Acoustic_Analysis_Results_2026-08-18/00_full_2048_frame_wav/M2025_tanto_tanto_mono.wav,44100,2.8328344671201813,2048,2048,2048,46.439909297052154,peak,0.0-2000.0,2000.0-4000.0,61,61,-18.205674187800287,-19.123032066838494,8.131453555807589,-38.65475859695153,-2.305677026693716,/mnt/data/Acoustic_Analysis_Results_2026-08-18/05_SPR/M2025_tanto_tanto_mono_spr_framewise.csv
V01after_20190408tanto_tanto_02_mono.wav,/mnt/data/Acoustic_Analysis_Results_2026-08-18/00_full_2048_frame_wav/V01after_20190408tanto_tanto_02_mono.wav,44100,1.9969160997732427,2048,2048,2048,46.439909297052154,peak,0.0-2000.0,2000.0-4000.0,43,43,-25.650030223216,-25.61040233249931,4.346655603670331,-40.23238138476383,-16.674569746655138,/mnt/data/Acoustic_Analysis_Results_2026-08-18/05_SPR/V01after_20190408tanto_tanto_02_mono_spr_framewise.csv
V01before_20170508_tanto_tanto_02_mono.wav,/mnt/data/Acoustic_Analysis_Results_2026-08-18/00_full_2048_frame_wav/V01before_20170508_tanto_tanto_02_mono.wav,44100,2.136235827664399,2048,2048,2048,46.439909297052154,peak,0.0-2000.0,2000.0-4000.0,46,46,-27.829943546872833,-28.062950221916964,6.061811070251714,-43.53628729954829,-15.00306000259491,/mnt/data/Acoustic_Analysis_Results_2026-08-18/05_SPR/V01before_20170508_tanto_tanto_02_mono_spr_framewise.csv
V02after_20240524_tanto_tanto_02_mono.wav,/mnt/data/Acoustic_Analysis_Results_2026-08-18/00_full_2048_frame_wav/V02after_20240524_tanto_tanto_02_mono.wav,44100,2.414875283446712,2048,2048,2048,46.439909297052154,peak,0.0-2000.0,2000.0-4000.0,52,52,-16.39181111669655,-17.834645446512614,6.4933403341733245,-34.770347737508686,-6.237852567363139,/mnt/data/Acoustic_Analysis_Results_2026-08-18/05_SPR/V02after_20240524_tanto_tanto_02_mono_spr_framewise.csv
V02before_20220531_tanto_tanto_02_mono.wav,/mnt/data/Acoustic_Analysis_Results_2026-08-18/00_full_2048_frame_wav/V02before_20220531_tanto_tanto_02_mono.wav,44100,3.111473922902494,2048,2048,2048,46.439909297052154,peak,0.0-2000.0,2000.0-4000.0,67,67,-25.503592698108292,-26.172868447573826,7.616243206383973,-47.55579104545224,-12.650939110027569,/mnt/data/Acoustic_Analysis_Results_2026-08-18/05_SPR/V02before_20220531_tanto_tanto_02_mono_spr_framewise.csv
V03after_20190407_tanto_tanto_02_mono.wav,/mnt/data/Acoustic_Analysis_Results_2026-08-18/00_full_2048_frame_wav/V03after_20190407_tanto_tanto_02_mono.wav,44100,2.3219954648526078,2048,2048,2048,46.439909297052154,peak,0.0-2000.0,2000.0-4000.0,50,50,-19.37916269182386,-20.06800714444418,4.797219812983075,-37.19414718052304,-9.529166828928439,/mnt/data/Acoustic_Analysis_Results_2026-08-18/05_SPR/V03after_20190407_tanto_tanto_02_mono_spr_framewise.csv
V03before_20170508_tanto_tanto_02_mono.wav,/mnt/data/Acoustic_Analysis_Results_2026-08-18/00_full_2048_frame_wav/V03before_20170508_tanto_tanto_02_mono.wav,44100,2.8328344671201813,2048,2048,2048,46.439909297052154,peak,0.0-2000.0,2000.0-4000.0,61,61,-17.307942154258598,-18.846548652771105,6.418068692395777,-37.55913574471717,-6.964270950331505,/mnt/data/Acoustic_Analysis_Results_2026-08-18/05_SPR/V03before_20170508_tanto_tanto_02_mono_spr_framewise.csv
V04after_20200706_tanto_tanto_02_mono.wav,/mnt/data/Acoustic_Analysis_Results_2026-08-18/00_full_2048_frame_wav/V04after_20200706_tanto_tanto_02_mono.wav,44100,3.5294331065759637,2048,2048,2048,46.439909297052154,peak,0.0-2000.0,2000.0-4000.0,76,76,-16.480947147620274,-16.319056277732756,4.407876324465704,-31.584588448892443,-7.56632070722305,/mnt/data/Acoustic_Analysis_Results_2026-08-18/05_SPR/V04after_20200706_tanto_tanto_02_mono_spr_framewise.csv
V04before_20180730_tanto_tanto_02_mono.wav,/mnt/data/Acoustic_Analysis_Results_2026-08-18/00_full_2048_frame_wav/V04before_20180730_tanto_tanto_02_mono.wav,44100,2.3219954648526078,2048,2048,2048,46.439909297052154,peak,0.0-2000.0,2000.0-4000.0,50,50,-13.925196745586984,-14.628279454788624,5.722717427910164,-28.59587926070141,-4.2821499221186645,/mnt/data/Acoustic_Analysis_Results_2026-08-18/05_SPR/V04before_20180730_tanto_tanto_02_mono_spr_framewise.csv
V05after_20240502_tanto_tanto_02_mono.wav,/mnt/data/Acoustic_Analysis_Results_2026-08-18/00_full_2048_frame_wav/V05after_20240502_tanto_tanto_02_mono.wav,44100,2.182675736961451,2048,2048,2048,46.439909297052154,peak,0.0-2000.0,2000.0-4000.0,47,47,-15.708613637791304,-16.827665436344585,6.681306695308397,-36.15343092563465,-4.474819195461872,/mnt/data/Acoustic_Analysis_Results_2026-08-18/05_SPR/V05after_20240502_tanto_tanto_02_mono_spr_framewise.csv
V05before_20220420_tanto_tanto_02_mono.wav,/mnt/data/Acoustic_Analysis_Results_2026-08-18/00_full_2048_frame_wav/V05before_20220420_tanto_tanto_02_mono.wav,44100,2.182675736961451,2048,2048,2048,46.439909297052154,peak,0.0-2000.0,2000.0-4000.0,47,47,-11.694685568779466,-13.165757563207837,6.336562010378188,-38.48832612838712,-4.617694318564396,/mnt/data/Acoustic_Analysis_Results_2026-08-18/05_SPR/V05before_20220420_tanto_tanto_02_mono_spr_framewise.csv
V06after_20240618_tanto_tanto_02_mono.wav,/mnt/data/Acoustic_Analysis_Results_2026-08-18/00_full_2048_frame_wav/V06after_20240618_tanto_tanto_02_mono.wav,44100,2.2755555555555556,2048,2048,2048,46.439909297052154,peak,0.0-2000.0,2000.0-4000.0,49,49,-21.650151046989535,-22.410705028237373,5.748703203279271,-37.61884227125295,-10.042433576403674,/mnt/data/Acoustic_Analysis_Results_2026-08-18/05_SPR/V06after_20240618_tanto_tanto_02_mono_spr_framewise.csv
V06before_20220530_tanto_tanto_02_mono.wav,/mnt/data/Acoustic_Analysis_Results_2026-08-18/00_full_2048_frame_wav/V06before_20220530_tanto_tanto_02_mono.wav,44100,3.5294331065759637,2048,2048,2048,46.439909297052154,peak,0.0-2000.0,2000.0-4000.0,76,76,-24.327107606745123,-23.881848281838074,5.479289726485067,-35.69446037319244,-10.260769755318012,/mnt/data/Acoustic_Analysis_Results_2026-08-18/05_SPR/V06before_20220530_tanto_tanto_02_mono_spr_framewise.csv
V07after_20200629_tnto_tanto_02_mono.wav,/mnt/data/Acoustic_Analysis_Results_2026-08-18/00_full_2048_frame_wav/V07after_20200629_tnto_tanto_02_mono.wav,44100,2.461315192743764,2048,2048,2048,46.439909297052154,peak,0.0-2000.0,2000.0-4000.0,53,53,-18.602439040903672,-18.403311237955876,5.899939142673456,-36.855331066428356,-5.688866730357621,/mnt/data/Acoustic_Analysis_Results_2026-08-18/05_SPR/V07after_20200629_tnto_tanto_02_mono_spr_framewise.csv
V07before_20180730_tanto_tanto_02_mono.wav,/mnt/data/Acoustic_Analysis_Results_2026-08-18/00_full_2048_frame_wav/V07before_20180730_tanto_tanto_02_mono.wav,44100,2.461315192743764,2048,2048,2048,46.439909297052154,peak,0.0-2000.0,2000.0-4000.0,53,53,-12.488566819079574,-12.79480951225744,5.501867988768896,-25.478194165974898,-3.719059008135877,/mnt/data/Acoustic_Analysis_Results_2026-08-18/05_SPR/V07before_20180730_tanto_tanto_02_mono_spr_framewise.csv
V08after_20240422_tanto_tanto_02_mono.wav,/mnt/data/Acoustic_Analysis_Results_2026-08-18/00_full_2048_frame_wav/V08after_20240422_tanto_tanto_02_mono.wav,44100,2.2291156462585033,2048,2048,2048,46.439909297052154,peak,0.0-2000.0,2000.0-4000.0,48,48,-16.869265130800613,-18.331363921384654,9.53025506591246,-39.00403619555692,-0.279733341527932,/mnt/data/Acoustic_Analysis_Results_2026-08-18/05_SPR/V08after_20240422_tanto_tanto_02_mono_spr_framewise.csv
V08before_20220420_tanto_tanto_01_mono.wav,/mnt/data/Acoustic_Analysis_Results_2026-08-18/00_full_2048_frame_wav/V08before_20220420_tanto_tanto_01_mono.wav,44100,2.136235827664399,2048,2048,2048,46.439909297052154,peak,0.0-2000.0,2000.0-4000.0,46,46,-7.767158135218562,-11.630674997917186,10.858558994227685,-38.07817683726854,3.2501432967260246,/mnt/data/Acoustic_Analysis_Results_2026-08-18/05_SPR/V08before_20220420_tanto_tanto_01_mono_spr_framewise.csv
V09after_20190508_tanto_tanto_02_mono.wav,/mnt/data/Acoustic_Analysis_Results_2026-08-18/00_full_2048_frame_wav/V09after_20190508_tanto_tanto_02_mono.wav,44100,3.1579138321995464,2048,2048,2048,46.439909297052154,peak,0.0-2000.0,2000.0-4000.0,68,68,-19.532858754795253,-20.621774691018544,6.12049119339856,-39.83627089155426,-10.471234180090612,/mnt/data/Acoustic_Analysis_Results_2026-08-18/05_SPR/V09after_20190508_tanto_tanto_02_mono_spr_framewise.csv
V09before_20170526_tanto_tanto_02_mono.wav,/mnt/data/Acoustic_Analysis_Results_2026-08-18/00_full_2048_frame_wav/V09before_20170526_tanto_tanto_02_mono.wav,44100,2.8792743764172335,2048,2048,2048,46.439909297052154,peak,0.0-2000.0,2000.0-4000.0,62,62,-28.201015119003692,-27.46078684109583,6.981148534712525,-43.62148069646451,-8.352340953861605,/mnt/data/Acoustic_Analysis_Results_2026-08-18/05_SPR/V09before_20170526_tanto_tanto_02_mono_spr_framewise.csv
V10after_20240501_tanto_tanto_02_mono.wav,/mnt/data/Acoustic_Analysis_Results_2026-08-18/00_full_2048_frame_wav/V10after_20240501_tanto_tanto_02_mono.wav,44100,2.136235827664399,2048,2048,2048,46.439909297052154,peak,0.0-2000.0,2000.0-4000.0,46,46,-21.423730231682015,-21.8124074504394,7.5233238338014035,-35.692171906836506,-2.8712805617917194,/mnt/data/Acoustic_Analysis_Results_2026-08-18/05_SPR/V10after_20240501_tanto_tanto_02_mono_spr_framewise.csv
V10before_20220420_tanto_tanto_02_mono.wav,/mnt/data/Acoustic_Analysis_Results_2026-08-18/00_full_2048_frame_wav/V10before_20220420_tanto_tanto_02_mono.wav,44100,2.089795918367347,2048,2048,2048,46.439909297052154,peak,0.0-2000.0,2000.0-4000.0,45,45,-21.374995540450648,-21.81920454465625,10.077637582191034,-41.52889208447195,-6.18973521318201,/mnt/data/Acoustic_Analysis_Results_2026-08-18/05_SPR/V10before_20220420_tanto_tanto_02_mono_spr_framewise.csv
V11after_20240502_tanto_tanto_02_mono.wav,/mnt/data/Acoustic_Analysis_Results_2026-08-18/00_full_2048_frame_wav/V11after_20240502_tanto_tanto_02_mono.wav,44100,2.414875283446712,2048,2048,2048,46.439909297052154,peak,0.0-2000.0,2000.0-4000.0,52,52,-18.641447433332296,-19.604092687523597,5.5355761627488205,-33.57534069222329,-11.154664473921496,/mnt/data/Acoustic_Analysis_Results_2026-08-18/05_SPR/V11after_20240502_tanto_tanto_02_mono_spr_framewise.csv
V11before_20220420_tanto_tanto_02_mono.wav,/mnt/data/Acoustic_Analysis_Results_2026-08-18/00_full_2048_frame_wav/V11before_20220420_tanto_tanto_02_mono.wav,44100,2.414875283446712,2048,2048,2048,46.439909297052154,peak,0.0-2000.0,2000.0-4000.0,52,52,-16.748171671480634,-16.952268614301367,4.9385038293230314,-29.093313284561848,-6.739789768485841,/mnt/data/Acoustic_Analysis_Results_2026-08-18/05_SPR/V11before_20220420_tanto_tanto_02_mono_spr_framewise.csv
V12after_20190408_tanto_tanto_02_mono.wav,/mnt/data/Acoustic_Analysis_Results_2026-08-18/00_full_2048_frame_wav/V12after_20190408_tanto_tanto_02_mono.wav,44100,1.811156462585034,2048,2048,2048,46.439909297052154,peak,0.0-2000.0,2000.0-4000.0,39,39,-22.44308239125752,-23.5158003918248,5.186030145582831,-36.64417525595838,-15.552302731563417,/mnt/data/Acoustic_Analysis_Results_2026-08-18/05_SPR/V12after_20190408_tanto_tanto_02_mono_spr_framewise.csv
V12before_20170508_tanto_tanto_02_mono.wav,/mnt/data/Acoustic_Analysis_Results_2026-08-18/00_full_2048_frame_wav/V12before_20170508_tanto_tanto_02_mono.wav,44100,2.089795918367347,2048,2048,2048,46.439909297052154,peak,0.0-2000.0,2000.0-4000.0,45,45,-22.211009111979504,-22.708966127248775,6.719214312113307,-42.505561708484834,-10.285189323628995,/mnt/data/Acoustic_Analysis_Results_2026-08-18/05_SPR/V12before_20170508_tanto_tanto_02_mono_spr_framewise.csv
V13after_20190409_tanto_tanto_02_mono.wav,/mnt/data/Acoustic_Analysis_Results_2026-08-18/00_full_2048_frame_wav/V13after_20190409_tanto_tanto_02_mono.wav,44100,2.043356009070295,2048,2048,2048,46.439909297052154,peak,0.0-2000.0,2000.0-4000.0,44,44,-17.099209138482856,-18.443321180745148,7.441628352592778,-36.52949905577267,-6.225996255922973,/mnt/data/Acoustic_Analysis_Results_2026-08-18/05_SPR/V13after_20190409_tanto_tanto_02_mono_spr_framewise.csv
V13before_20170508_tanto_tanto_02_mono.wav,/mnt/data/Acoustic_Analysis_Results_2026-08-18/00_full_2048_frame_wav/V13before_20170508_tanto_tanto_02_mono.wav,44100,1.9504761904761905,2048,2048,2048,46.439909297052154,peak,0.0-2000.0,2000.0-4000.0,42,42,-18.49400471827506,-19.108465486130118,7.338712333210209,-38.55272472633719,-7.758106939189196,/mnt/data/Acoustic_Analysis_Results_2026-08-18/05_SPR/V13before_20170508_tanto_tanto_02_mono_spr_framewise.csv
