file,status,error_message,sample_rate_hz,total_samples,duration_s,frame_size_samples,frame_duration_ms,n_frames_total,n_full_frames,n_short_frames,short_frame_indices,n_silent_frames,silent_frame_indices,n_frames_included_in_median,median_sfr_percent,mean_sfr_percent,sd_sfr_percent,min_sfr_percent,max_sfr_percent,framewise_csv,warning
/mnt/data/Acoustic_Analysis_Results_2026-08-18/00_full_2048_frame_wav/E01after_tanto-tanto_20160401_caro-mio-ben_01_mono.wav,ok,,44100,118784,2.693514739,2048,46.439909,58,58,0,,0,,58,15.558369063020967,15.422667196795551,7.661679423156433,2.446239959166312,31.384851364845421,/mnt/data/Acoustic_Analysis_Results_2026-08-18/04_SFR/E01after_tanto-tanto_20160401_caro-mio-ben_01_mono_sfr_framewise.csv,
/mnt/data/Acoustic_Analysis_Results_2026-08-18/00_full_2048_frame_wav/E01before_tanto-tanto_20141001_02_mono.wav,ok,,44100,79872,1.811156463,2048,46.439909,39,39,0,,0,,39,14.937224314780531,14.288250256491532,8.414656506466658,3.559675301779961,31.493825601805469,/mnt/data/Acoustic_Analysis_Results_2026-08-18/04_SFR/E01before_tanto-tanto_20141001_02_mono_sfr_framewise.csv,
/mnt/data/Acoustic_Analysis_Results_2026-08-18/00_full_2048_frame_wav/E02after_20160401_tanto-tanto_01_44100_mono.wav,ok,,44100,88064,1.996916100,2048,46.439909,43,43,0,,0,,43,8.982394545497458,9.347320369944162,3.791302140337357,3.400843501480584,25.304067033543991,/mnt/data/Acoustic_Analysis_Results_2026-08-18/04_SFR/E02after_20160401_tanto-tanto_01_44100_mono_sfr_framewise.csv,
/mnt/data/Acoustic_Analysis_Results_2026-08-18/00_full_2048_frame_wav/E02before_20141001_tanto-tanto_01_44100_mono.wav,ok,,44100,90112,2.043356009,2048,46.439909,44,44,0,,0,,44,11.788975235778061,11.117971973104675,3.958144047175904,4.781900350939493,18.488078348500075,/mnt/data/Acoustic_Analysis_Results_2026-08-18/04_SFR/E02before_20141001_tanto-tanto_01_44100_mono_sfr_framewise.csv,
/mnt/data/Acoustic_Analysis_Results_2026-08-18/00_full_2048_frame_wav/E03after_tanto-tanto_20240223_caro-mio-ben_02_mono.wav,ok,,44100,96256,2.182675737,2048,46.439909,47,47,0,,0,,47,9.784575376764675,10.532791413998488,3.888706024836289,3.700271167483939,20.393772419028945,/mnt/data/Acoustic_Analysis_Results_2026-08-18/04_SFR/E03after_tanto-tanto_20240223_caro-mio-ben_02_mono_sfr_framewise.csv,
/mnt/data/Acoustic_Analysis_Results_2026-08-18/00_full_2048_frame_wav/E03before_tanto-tanto_20220607_caro-mio-ben_02_1__mono.wav,ok,,44100,90112,2.043356009,2048,46.439909,44,44,0,,0,,44,4.946051360852599,5.081039320766136,1.698016374515680,1.774653776173234,10.135668451032286,/mnt/data/Acoustic_Analysis_Results_2026-08-18/04_SFR/E03before_tanto-tanto_20220607_caro-mio-ben_02_1__mono_sfr_framewise.csv,
/mnt/data/Acoustic_Analysis_Results_2026-08-18/00_full_2048_frame_wav/E04after_20240223_tanto-tanto_02_mono.wav,ok,,44100,112640,2.554195011,2048,46.439909,55,55,0,,0,,55,12.209895364404520,12.177512264290330,4.328604736598548,3.747876613270376,24.981185099694425,/mnt/data/Acoustic_Analysis_Results_2026-08-18/04_SFR/E04after_20240223_tanto-tanto_02_mono_sfr_framewise.csv,
/mnt/data/Acoustic_Analysis_Results_2026-08-18/00_full_2048_frame_wav/E04before_20220607_tanto-tanto_02_mono.wav,ok,,44100,114688,2.600634921,2048,46.439909,56,56,0,,0,,56,6.965327174221009,8.255565167497164,4.782565230575682,2.260032861238505,22.268568954535507,/mnt/data/Acoustic_Analysis_Results_2026-08-18/04_SFR/E04before_20220607_tanto-tanto_02_mono_sfr_framewise.csv,
/mnt/data/Acoustic_Analysis_Results_2026-08-18/00_full_2048_frame_wav/E05after_tanto-tanto240206_0629caro-2_mono.wav,ok,,44100,79872,1.811156463,2048,46.439909,39,39,0,,0,,39,18.924909600263156,18.028459454176520,8.730587341221234,3.178237207026700,33.917068896861032,/mnt/data/Acoustic_Analysis_Results_2026-08-18/04_SFR/E05after_tanto-tanto240206_0629caro-2_mono_sfr_framewise.csv,
/mnt/data/Acoustic_Analysis_Results_2026-08-18/00_full_2048_frame_wav/E05before_tanto-tanto_20220531_caro-mio-ben_02_mono.wav,ok,,44100,96256,2.182675737,2048,46.439909,47,47,0,,0,,47,7.670688605613505,8.695494948786576,4.890828932908850,1.423802743711094,23.306637079558236,/mnt/data/Acoustic_Analysis_Results_2026-08-18/04_SFR/E05before_tanto-tanto_20220531_caro-mio-ben_02_mono_sfr_framewise.csv,
/mnt/data/Acoustic_Analysis_Results_2026-08-18/00_full_2048_frame_wav/E06after_tanto-tanto240206_caro-mio-ben_02_mono.wav,ok,,44100,108544,2.461315193,2048,46.439909,53,53,0,,0,,53,12.000540189120976,13.142102926431276,6.327975129366469,3.623660645391609,26.761126313200620,/mnt/data/Acoustic_Analysis_Results_2026-08-18/04_SFR/E06after_tanto-tanto240206_caro-mio-ben_02_mono_sfr_framewise.csv,
/mnt/data/Acoustic_Analysis_Results_2026-08-18/00_full_2048_frame_wav/E06before_tanto-tanto_20220607_caro-mio-ben_02_mono.wav,ok,,44100,96256,2.182675737,2048,46.439909,47,47,0,,0,,47,3.847865567460274,4.272904991361471,2.213181017461075,1.177093003742791,10.559755301843850,/mnt/data/Acoustic_Analysis_Results_2026-08-18/04_SFR/E06before_tanto-tanto_20220607_caro-mio-ben_02_mono_sfr_framewise.csv,
/mnt/data/Acoustic_Analysis_Results_2026-08-18/00_full_2048_frame_wav/E07after_tanto-tanto_240206_caro-mio-ben_02_mono.wav,ok,,44100,88064,1.996916100,2048,46.439909,43,43,0,,0,,43,12.003256496009620,12.390928613366267,5.947486890050595,3.148613178797435,27.535112289231954,/mnt/data/Acoustic_Analysis_Results_2026-08-18/04_SFR/E07after_tanto-tanto_240206_caro-mio-ben_02_mono_sfr_framewise.csv,
/mnt/data/Acoustic_Analysis_Results_2026-08-18/00_full_2048_frame_wav/E07before_tanto-tanto_20220531_caro-mio-ben_02_mono.wav,ok,,44100,75776,1.718276644,2048,46.439909,37,37,0,,0,,37,6.616402435382900,8.272944391537781,5.845446451396087,2.162387664411672,25.883366916747661,/mnt/data/Acoustic_Analysis_Results_2026-08-18/04_SFR/E07before_tanto-tanto_20220531_caro-mio-ben_02_mono_sfr_framewise.csv,
/mnt/data/Acoustic_Analysis_Results_2026-08-18/00_full_2048_frame_wav/M2025_tanto_tanto_mono.wav,ok,,44100,124928,2.832834467,2048,46.439909,61,61,0,,0,,61,16.584392472260461,15.445251117335259,6.426586564758304,2.153140903039739,28.696834085205925,/mnt/data/Acoustic_Analysis_Results_2026-08-18/04_SFR/M2025_tanto_tanto_mono_sfr_framewise.csv,
/mnt/data/Acoustic_Analysis_Results_2026-08-18/00_full_2048_frame_wav/V01after_20190408tanto_tanto_02_mono.wav,ok,,44100,88064,1.996916100,2048,46.439909,43,43,0,,0,,43,9.602657676943601,10.017668729677565,2.833378620474490,3.702366625181285,17.838526885225651,/mnt/data/Acoustic_Analysis_Results_2026-08-18/04_SFR/V01after_20190408tanto_tanto_02_mono_sfr_framewise.csv,
/mnt/data/Acoustic_Analysis_Results_2026-08-18/00_full_2048_frame_wav/V01before_20170508_tanto_tanto_02_mono.wav,ok,,44100,94208,2.136235828,2048,46.439909,46,46,0,,0,,46,6.896350000556446,8.138477507433356,4.143921699010583,2.178343263910083,19.884943784644125,/mnt/data/Acoustic_Analysis_Results_2026-08-18/04_SFR/V01before_20170508_tanto_tanto_02_mono_sfr_framewise.csv,
/mnt/data/Acoustic_Analysis_Results_2026-08-18/00_full_2048_frame_wav/V02after_20240524_tanto_tanto_02_mono.wav,ok,,44100,106496,2.414875283,2048,46.439909,52,52,0,,0,,52,15.110954790604499,15.928211551475624,6.474478862695950,4.416687950137758,31.300010012125703,/mnt/data/Acoustic_Analysis_Results_2026-08-18/04_SFR/V02after_20240524_tanto_tanto_02_mono_sfr_framewise.csv,
/mnt/data/Acoustic_Analysis_Results_2026-08-18/00_full_2048_frame_wav/V02before_20220531_tanto_tanto_02_mono.wav,ok,,44100,137216,3.111473923,2048,46.439909,67,67,0,,0,,67,8.552542566243078,8.774280544905666,4.635675623776566,2.089706673446200,21.056332166123603,/mnt/data/Acoustic_Analysis_Results_2026-08-18/04_SFR/V02before_20220531_tanto_tanto_02_mono_sfr_framewise.csv,
/mnt/data/Acoustic_Analysis_Results_2026-08-18/00_full_2048_frame_wav/V03after_20190407_tanto_tanto_02_mono.wav,ok,,44100,102400,2.321995465,2048,46.439909,50,50,0,,0,,50,17.346615871535015,18.101659362631302,6.777686934370644,4.471109406745787,38.311728929325163,/mnt/data/Acoustic_Analysis_Results_2026-08-18/04_SFR/V03after_20190407_tanto_tanto_02_mono_sfr_framewise.csv,
/mnt/data/Acoustic_Analysis_Results_2026-08-18/00_full_2048_frame_wav/V03before_20170508_tanto_tanto_02_mono.wav,ok,,44100,124928,2.832834467,2048,46.439909,61,61,0,,0,,61,18.602440562189599,17.983820780114648,6.827725577463743,3.610460298178339,31.336625482536931,/mnt/data/Acoustic_Analysis_Results_2026-08-18/04_SFR/V03before_20170508_tanto_tanto_02_mono_sfr_framewise.csv,
/mnt/data/Acoustic_Analysis_Results_2026-08-18/00_full_2048_frame_wav/V04after_20200706_tanto_tanto_02_mono.wav,ok,,44100,155648,3.529433107,2048,46.439909,76,76,0,,0,,76,23.807715845368744,23.438673046297083,6.473738725175175,5.751391340453969,36.749780994364727,/mnt/data/Acoustic_Analysis_Results_2026-08-18/04_SFR/V04after_20200706_tanto_tanto_02_mono_sfr_framewise.csv,
/mnt/data/Acoustic_Analysis_Results_2026-08-18/00_full_2048_frame_wav/V04before_20180730_tanto_tanto_02_mono.wav,ok,,44100,102400,2.321995465,2048,46.439909,50,50,0,,0,,50,26.862874218461528,26.647873322355043,8.907002257766518,8.896906732382313,48.586892970282832,/mnt/data/Acoustic_Analysis_Results_2026-08-18/04_SFR/V04before_20180730_tanto_tanto_02_mono_sfr_framewise.csv,
/mnt/data/Acoustic_Analysis_Results_2026-08-18/00_full_2048_frame_wav/V05after_20240502_tanto_tanto_02_mono.wav,ok,,44100,96256,2.182675737,2048,46.439909,47,47,0,,0,,47,22.587178444561367,22.586013756646196,7.766351231945364,4.159171452016261,38.325397448435318,/mnt/data/Acoustic_Analysis_Results_2026-08-18/04_SFR/V05after_20240502_tanto_tanto_02_mono_sfr_framewise.csv,
/mnt/data/Acoustic_Analysis_Results_2026-08-18/00_full_2048_frame_wav/V05before_20220420_tanto_tanto_02_mono.wav,ok,,44100,96256,2.182675737,2048,46.439909,47,47,0,,0,,47,29.961387156225456,29.099270747824800,8.815722185914430,5.332633040083224,47.601273984079228,/mnt/data/Acoustic_Analysis_Results_2026-08-18/04_SFR/V05before_20220420_tanto_tanto_02_mono_sfr_framewise.csv,
/mnt/data/Acoustic_Analysis_Results_2026-08-18/00_full_2048_frame_wav/V06after_20240618_tanto_tanto_02_mono.wav,ok,,44100,100352,2.275555556,2048,46.439909,49,49,0,,0,,49,13.199109606438384,13.664907706607430,5.561643935348479,3.756852844862311,31.126320371635792,/mnt/data/Acoustic_Analysis_Results_2026-08-18/04_SFR/V06after_20240618_tanto_tanto_02_mono_sfr_framewise.csv,
/mnt/data/Acoustic_Analysis_Results_2026-08-18/00_full_2048_frame_wav/V06before_20220530_tanto_tanto_02_mono.wav,ok,,44100,155648,3.529433107,2048,46.439909,76,76,0,,0,,76,10.235994725622350,10.873889420332775,4.453230761784372,3.902709107635331,23.213162745988985,/mnt/data/Acoustic_Analysis_Results_2026-08-18/04_SFR/V06before_20220530_tanto_tanto_02_mono_sfr_framewise.csv,
/mnt/data/Acoustic_Analysis_Results_2026-08-18/00_full_2048_frame_wav/V07after_20200629_tnto_tanto_02_mono.wav,ok,,44100,108544,2.461315193,2048,46.439909,53,53,0,,0,,53,19.285043657584538,18.991300377408681,6.100065704473577,4.574545133110517,33.725862786270547,/mnt/data/Acoustic_Analysis_Results_2026-08-18/04_SFR/V07after_20200629_tnto_tanto_02_mono_sfr_framewise.csv,
/mnt/data/Acoustic_Analysis_Results_2026-08-18/00_full_2048_frame_wav/V07before_20180730_tanto_tanto_02_mono.wav,ok,,44100,108544,2.461315193,2048,46.439909,53,53,0,,0,,53,27.298302286119913,26.192654866869152,7.344913496087614,9.608475499362539,42.869488553898954,/mnt/data/Acoustic_Analysis_Results_2026-08-18/04_SFR/V07before_20180730_tanto_tanto_02_mono_sfr_framewise.csv,
/mnt/data/Acoustic_Analysis_Results_2026-08-18/00_full_2048_frame_wav/V08after_20240422_tanto_tanto_02_mono.wav,ok,,44100,98304,2.229115646,2048,46.439909,48,48,0,,0,,48,18.187153597895310,18.827407155837417,8.767804815515985,2.552441327974621,38.568326480432177,/mnt/data/Acoustic_Analysis_Results_2026-08-18/04_SFR/V08after_20240422_tanto_tanto_02_mono_sfr_framewise.csv,
/mnt/data/Acoustic_Analysis_Results_2026-08-18/00_full_2048_frame_wav/V08before_20220420_tanto_tanto_01_mono.wav,ok,,44100,94208,2.136235828,2048,46.439909,46,46,0,,0,,46,32.976974752257135,30.673713619519656,15.698628259952581,5.162521033893355,58.055663974004226,/mnt/data/Acoustic_Analysis_Results_2026-08-18/04_SFR/V08before_20220420_tanto_tanto_01_mono_sfr_framewise.csv,
/mnt/data/Acoustic_Analysis_Results_2026-08-18/00_full_2048_frame_wav/V09after_20190508_tanto_tanto_02_mono.wav,ok,,44100,139264,3.157913832,2048,46.439909,68,68,0,,0,,68,14.910177377912053,15.437747953202294,5.526994798877761,3.567378594089651,26.430286682829898,/mnt/data/Acoustic_Analysis_Results_2026-08-18/04_SFR/V09after_20190508_tanto_tanto_02_mono_sfr_framewise.csv,
/mnt/data/Acoustic_Analysis_Results_2026-08-18/00_full_2048_frame_wav/V09before_20170526_tanto_tanto_02_mono.wav,ok,,44100,126976,2.879274376,2048,46.439909,62,62,0,,0,,62,6.979459512133454,8.866059022714870,5.438044800810241,2.007182707103104,28.637712656934141,/mnt/data/Acoustic_Analysis_Results_2026-08-18/04_SFR/V09before_20170526_tanto_tanto_02_mono_sfr_framewise.csv,
/mnt/data/Acoustic_Analysis_Results_2026-08-18/00_full_2048_frame_wav/V10after_20240501_tanto_tanto_02_mono.wav,ok,,44100,94208,2.136235828,2048,46.439909,46,46,0,,0,,46,13.120900892942664,14.930998707116176,8.478836907099868,4.525216431673065,38.345246354133380,/mnt/data/Acoustic_Analysis_Results_2026-08-18/04_SFR/V10after_20240501_tanto_tanto_02_mono_sfr_framewise.csv,
/mnt/data/Acoustic_Analysis_Results_2026-08-18/00_full_2048_frame_wav/V10before_20220420_tanto_tanto_02_mono.wav,ok,,44100,92160,2.089795918,2048,46.439909,45,45,0,,0,,45,11.924128998227795,17.124015808417518,13.956425486047067,2.608352561095904,46.601962640601961,/mnt/data/Acoustic_Analysis_Results_2026-08-18/04_SFR/V10before_20220420_tanto_tanto_02_mono_sfr_framewise.csv,
/mnt/data/Acoustic_Analysis_Results_2026-08-18/00_full_2048_frame_wav/V11after_20240502_tanto_tanto_02_mono.wav,ok,,44100,106496,2.414875283,2048,46.439909,52,52,0,,0,,52,17.768740334699071,18.943527650953712,7.279531564728414,4.055916317115424,33.964382236615812,/mnt/data/Acoustic_Analysis_Results_2026-08-18/04_SFR/V11after_20240502_tanto_tanto_02_mono_sfr_framewise.csv,
/mnt/data/Acoustic_Analysis_Results_2026-08-18/00_full_2048_frame_wav/V11before_20220420_tanto_tanto_02_mono.wav,ok,,44100,106496,2.414875283,2048,46.439909,52,52,0,,0,,52,19.838212672060440,21.690326366628771,8.938838996149704,6.995678895814442,40.046464569432871,/mnt/data/Acoustic_Analysis_Results_2026-08-18/04_SFR/V11before_20220420_tanto_tanto_02_mono_sfr_framewise.csv,
/mnt/data/Acoustic_Analysis_Results_2026-08-18/00_full_2048_frame_wav/V12after_20190408_tanto_tanto_02_mono.wav,ok,,44100,79872,1.811156463,2048,46.439909,39,39,0,,0,,39,12.807337483797886,12.684796825930428,5.373719656670631,3.407032168264772,27.140862503509364,/mnt/data/Acoustic_Analysis_Results_2026-08-18/04_SFR/V12after_20190408_tanto_tanto_02_mono_sfr_framewise.csv,
/mnt/data/Acoustic_Analysis_Results_2026-08-18/00_full_2048_frame_wav/V12before_20170508_tanto_tanto_02_mono.wav,ok,,44100,92160,2.089795918,2048,46.439909,45,45,0,,0,,45,14.337176894477077,14.102553862354243,6.738089438739448,2.492303728251887,26.975527128597612,/mnt/data/Acoustic_Analysis_Results_2026-08-18/04_SFR/V12before_20170508_tanto_tanto_02_mono_sfr_framewise.csv,
/mnt/data/Acoustic_Analysis_Results_2026-08-18/00_full_2048_frame_wav/V13after_20190409_tanto_tanto_02_mono.wav,ok,,44100,90112,2.043356009,2048,46.439909,44,44,0,,0,,44,22.037904696595277,19.318941578260539,8.757901087265246,3.930839278010662,31.100485453301932,/mnt/data/Acoustic_Analysis_Results_2026-08-18/04_SFR/V13after_20190409_tanto_tanto_02_mono_sfr_framewise.csv,
/mnt/data/Acoustic_Analysis_Results_2026-08-18/00_full_2048_frame_wav/V13before_20170508_tanto_tanto_02_mono.wav,ok,,44100,86016,1.950476190,2048,46.439909,42,42,0,,0,,42,20.834103655994657,19.926446405506901,9.023644831105328,4.571984790341317,35.961215895735954,/mnt/data/Acoustic_Analysis_Results_2026-08-18/04_SFR/V13before_20170508_tanto_tanto_02_mono_sfr_framewise.csv,
