input_file,output_frame_csv,sampling_rate_hz,duration_s,frame_size_samples,hop_size_samples,frame_duration_ms,n_frames_total,n_voiced_frames,n_unvoiced_frames,unvoiced_frame_indices,median_cpps_all_frames_db,mean_cpps_all_frames_db,sd_cpps_all_frames_db,median_cpps_voiced_frames_db,mean_cpps_voiced_frames_db,sd_cpps_voiced_frames_db,warning
/mnt/data/Acoustic_Analysis_Results_2026-08-18/00_full_2048_frame_wav/E01after_tanto-tanto_20160401_caro-mio-ben_01_mono.wav,/mnt/data/Acoustic_Analysis_Results_2026-08-18/02_CPPS/E01after_tanto-tanto_20160401_caro-mio-ben_01_mono_cpps_framewise.csv,44100,2.693514739229025,2048,2048,46.439909297052154,58,58,0,,10.3501045,9.953766706896552,2.701251493640335,10.3501045,9.953766706896552,2.701251493640335,
/mnt/data/Acoustic_Analysis_Results_2026-08-18/00_full_2048_frame_wav/E01before_tanto-tanto_20141001_02_mono.wav,/mnt/data/Acoustic_Analysis_Results_2026-08-18/02_CPPS/E01before_tanto-tanto_20141001_02_mono_cpps_framewise.csv,44100,1.811156462585034,2048,2048,46.439909297052154,39,39,0,,10.618911,10.324839743589743,2.2436649753458093,10.618911,10.324839743589743,2.2436649753458093,
/mnt/data/Acoustic_Analysis_Results_2026-08-18/00_full_2048_frame_wav/E02after_20160401_tanto-tanto_01_44100_mono.wav,/mnt/data/Acoustic_Analysis_Results_2026-08-18/02_CPPS/E02after_20160401_tanto-tanto_01_44100_mono_cpps_framewise.csv,44100,1.9969160997732427,2048,2048,46.439909297052154,43,43,0,,9.143493,9.245745418604653,1.6981091867338693,9.143493,9.245745418604653,1.6981091867338693,
/mnt/data/Acoustic_Analysis_Results_2026-08-18/00_full_2048_frame_wav/E02before_20141001_tanto-tanto_01_44100_mono.wav,/mnt/data/Acoustic_Analysis_Results_2026-08-18/02_CPPS/E02before_20141001_tanto-tanto_01_44100_mono_cpps_framewise.csv,44100,2.043356009070295,2048,2048,46.439909297052154,44,44,0,,10.7889625,10.567379340909092,2.005026634180575,10.7889625,10.567379340909092,2.005026634180575,
/mnt/data/Acoustic_Analysis_Results_2026-08-18/00_full_2048_frame_wav/E03after_tanto-tanto_20240223_caro-mio-ben_02_mono.wav,/mnt/data/Acoustic_Analysis_Results_2026-08-18/02_CPPS/E03after_tanto-tanto_20240223_caro-mio-ben_02_mono_cpps_framewise.csv,44100,2.182675736961451,2048,2048,46.439909297052154,47,47,0,,8.523621,8.344017680851064,3.090995142415339,8.523621,8.344017680851064,3.090995142415339,
/mnt/data/Acoustic_Analysis_Results_2026-08-18/00_full_2048_frame_wav/E03before_tanto-tanto_20220607_caro-mio-ben_02_1__mono.wav,/mnt/data/Acoustic_Analysis_Results_2026-08-18/02_CPPS/E03before_tanto-tanto_20220607_caro-mio-ben_02_1__mono_cpps_framewise.csv,44100,2.043356009070295,2048,2048,46.439909297052154,44,44,0,,7.7052475000000005,7.1495730681818195,1.8810736922122786,7.7052475000000005,7.1495730681818195,1.8810736922122786,
/mnt/data/Acoustic_Analysis_Results_2026-08-18/00_full_2048_frame_wav/E04after_20240223_tanto-tanto_02_mono.wav,/mnt/data/Acoustic_Analysis_Results_2026-08-18/02_CPPS/E04after_20240223_tanto-tanto_02_mono_cpps_framewise.csv,44100,2.5541950113378684,2048,2048,46.439909297052154,55,55,0,,9.960128,9.181182945454546,3.0668652693166254,9.960128,9.181182945454546,3.0668652693166254,
/mnt/data/Acoustic_Analysis_Results_2026-08-18/00_full_2048_frame_wav/E04before_20220607_tanto-tanto_02_mono.wav,/mnt/data/Acoustic_Analysis_Results_2026-08-18/02_CPPS/E04before_20220607_tanto-tanto_02_mono_cpps_framewise.csv,44100,2.6006349206349206,2048,2048,46.439909297052154,56,56,0,,9.899029500000001,8.57748355357143,3.470087661734886,9.899029500000001,8.57748355357143,3.470087661734886,
/mnt/data/Acoustic_Analysis_Results_2026-08-18/00_full_2048_frame_wav/E05after_tanto-tanto240206_0629caro-2_mono.wav,/mnt/data/Acoustic_Analysis_Results_2026-08-18/02_CPPS/E05after_tanto-tanto240206_0629caro-2_mono_cpps_framewise.csv,44100,1.811156462585034,2048,2048,46.439909297052154,39,39,0,,10.586714,9.820201897435899,2.6107274806010112,10.586714,9.820201897435899,2.6107274806010112,
/mnt/data/Acoustic_Analysis_Results_2026-08-18/00_full_2048_frame_wav/E05before_tanto-tanto_20220531_caro-mio-ben_02_mono.wav,/mnt/data/Acoustic_Analysis_Results_2026-08-18/02_CPPS/E05before_tanto-tanto_20220531_caro-mio-ben_02_mono_cpps_framewise.csv,44100,2.182675736961451,2048,2048,46.439909297052154,47,47,0,,9.185219,8.710387680851062,2.5901454429653437,9.185219,8.710387680851062,2.5901454429653437,
/mnt/data/Acoustic_Analysis_Results_2026-08-18/00_full_2048_frame_wav/E06after_tanto-tanto240206_caro-mio-ben_02_mono.wav,/mnt/data/Acoustic_Analysis_Results_2026-08-18/02_CPPS/E06after_tanto-tanto240206_caro-mio-ben_02_mono_cpps_framewise.csv,44100,2.461315192743764,2048,2048,46.439909297052154,53,53,0,,9.876996,8.692849,2.895333868210452,9.876996,8.692849,2.895333868210452,
/mnt/data/Acoustic_Analysis_Results_2026-08-18/00_full_2048_frame_wav/E06before_tanto-tanto_20220607_caro-mio-ben_02_mono.wav,/mnt/data/Acoustic_Analysis_Results_2026-08-18/02_CPPS/E06before_tanto-tanto_20220607_caro-mio-ben_02_mono_cpps_framewise.csv,44100,2.182675736961451,2048,2048,46.439909297052154,47,47,0,,7.044885,6.822014297872341,2.188473845614951,7.044885,6.822014297872341,2.188473845614951,
/mnt/data/Acoustic_Analysis_Results_2026-08-18/00_full_2048_frame_wav/E07after_tanto-tanto_240206_caro-mio-ben_02_mono.wav,/mnt/data/Acoustic_Analysis_Results_2026-08-18/02_CPPS/E07after_tanto-tanto_240206_caro-mio-ben_02_mono_cpps_framewise.csv,44100,1.9969160997732427,2048,2048,46.439909297052154,43,43,0,,9.077187,8.443966279069768,2.6285385029005983,9.077187,8.443966279069768,2.6285385029005983,
/mnt/data/Acoustic_Analysis_Results_2026-08-18/00_full_2048_frame_wav/E07before_tanto-tanto_20220531_caro-mio-ben_02_mono.wav,/mnt/data/Acoustic_Analysis_Results_2026-08-18/02_CPPS/E07before_tanto-tanto_20220531_caro-mio-ben_02_mono_cpps_framewise.csv,44100,1.7182766439909296,2048,2048,46.439909297052154,37,37,0,,7.973257,7.4429013783783775,2.3462734071449267,7.973257,7.4429013783783775,2.3462734071449267,
/mnt/data/Acoustic_Analysis_Results_2026-08-18/00_full_2048_frame_wav/M2025_tanto_tanto_mono.wav,/mnt/data/Acoustic_Analysis_Results_2026-08-18/02_CPPS/M2025_tanto_tanto_mono_cpps_framewise.csv,44100,2.8328344671201813,2048,2048,46.439909297052154,61,61,0,,10.897748,10.578109622950816,2.3007227340942102,10.897748,10.578109622950816,2.3007227340942102,
/mnt/data/Acoustic_Analysis_Results_2026-08-18/00_full_2048_frame_wav/V01after_20190408tanto_tanto_02_mono.wav,/mnt/data/Acoustic_Analysis_Results_2026-08-18/02_CPPS/V01after_20190408tanto_tanto_02_mono_cpps_framewise.csv,44100,1.9969160997732427,2048,2048,46.439909297052154,43,43,0,,9.643538,9.479239906976744,1.6785902732301294,9.643538,9.479239906976744,1.6785902732301294,
/mnt/data/Acoustic_Analysis_Results_2026-08-18/00_full_2048_frame_wav/V01before_20170508_tanto_tanto_02_mono.wav,/mnt/data/Acoustic_Analysis_Results_2026-08-18/02_CPPS/V01before_20170508_tanto_tanto_02_mono_cpps_framewise.csv,44100,2.136235827664399,2048,2048,46.439909297052154,46,46,0,,9.0782375,8.880297652173914,2.0356192211947173,9.0782375,8.880297652173914,2.0356192211947173,
/mnt/data/Acoustic_Analysis_Results_2026-08-18/00_full_2048_frame_wav/V02after_20240524_tanto_tanto_02_mono.wav,/mnt/data/Acoustic_Analysis_Results_2026-08-18/02_CPPS/V02after_20240524_tanto_tanto_02_mono_cpps_framewise.csv,44100,2.414875283446712,2048,2048,46.439909297052154,52,52,0,,11.109830500000001,10.404699865384613,2.202834689949098,11.109830500000001,10.404699865384613,2.202834689949098,
/mnt/data/Acoustic_Analysis_Results_2026-08-18/00_full_2048_frame_wav/V02before_20220531_tanto_tanto_02_mono.wav,/mnt/data/Acoustic_Analysis_Results_2026-08-18/02_CPPS/V02before_20220531_tanto_tanto_02_mono_cpps_framewise.csv,44100,3.111473922902494,2048,2048,46.439909297052154,67,67,0,,8.452266,8.205365641791044,1.4086765984695955,8.452266,8.205365641791044,1.4086765984695955,
/mnt/data/Acoustic_Analysis_Results_2026-08-18/00_full_2048_frame_wav/V03after_20190407_tanto_tanto_02_mono.wav,/mnt/data/Acoustic_Analysis_Results_2026-08-18/02_CPPS/V03after_20190407_tanto_tanto_02_mono_cpps_framewise.csv,44100,2.3219954648526078,2048,2048,46.439909297052154,50,50,0,,13.0650175,11.6572271,3.670914770077095,13.0650175,11.6572271,3.670914770077095,
/mnt/data/Acoustic_Analysis_Results_2026-08-18/00_full_2048_frame_wav/V03before_20170508_tanto_tanto_02_mono.wav,/mnt/data/Acoustic_Analysis_Results_2026-08-18/02_CPPS/V03before_20170508_tanto_tanto_02_mono_cpps_framewise.csv,44100,2.8328344671201813,2048,2048,46.439909297052154,61,59,2,0;3,12.268976,10.981306442622948,3.420365183558463,12.41969,11.264179999999998,3.10050767701206,
/mnt/data/Acoustic_Analysis_Results_2026-08-18/00_full_2048_frame_wav/V04after_20200706_tanto_tanto_02_mono.wav,/mnt/data/Acoustic_Analysis_Results_2026-08-18/02_CPPS/V04after_20200706_tanto_tanto_02_mono_cpps_framewise.csv,44100,3.5294331065759637,2048,2048,46.439909297052154,76,76,0,,12.3425495,11.933478157894736,2.1749028008203832,12.3425495,11.933478157894736,2.1749028008203832,
/mnt/data/Acoustic_Analysis_Results_2026-08-18/00_full_2048_frame_wav/V04before_20180730_tanto_tanto_02_mono.wav,/mnt/data/Acoustic_Analysis_Results_2026-08-18/02_CPPS/V04before_20180730_tanto_tanto_02_mono_cpps_framewise.csv,44100,2.3219954648526078,2048,2048,46.439909297052154,50,50,0,,12.746604999999999,11.860295199999998,2.741416746096322,12.746604999999999,11.860295199999998,2.741416746096322,
/mnt/data/Acoustic_Analysis_Results_2026-08-18/00_full_2048_frame_wav/V05after_20240502_tanto_tanto_02_mono.wav,/mnt/data/Acoustic_Analysis_Results_2026-08-18/02_CPPS/V05after_20240502_tanto_tanto_02_mono_cpps_framewise.csv,44100,2.182675736961451,2048,2048,46.439909297052154,47,47,0,,11.538184,10.91575689361702,2.68765804744615,11.538184,10.91575689361702,2.68765804744615,
/mnt/data/Acoustic_Analysis_Results_2026-08-18/00_full_2048_frame_wav/V05before_20220420_tanto_tanto_02_mono.wav,/mnt/data/Acoustic_Analysis_Results_2026-08-18/02_CPPS/V05before_20220420_tanto_tanto_02_mono_cpps_framewise.csv,44100,2.182675736961451,2048,2048,46.439909297052154,47,47,0,,12.323443,11.563885319148936,2.688938358185059,12.323443,11.563885319148936,2.688938358185059,
/mnt/data/Acoustic_Analysis_Results_2026-08-18/00_full_2048_frame_wav/V06after_20240618_tanto_tanto_02_mono.wav,/mnt/data/Acoustic_Analysis_Results_2026-08-18/02_CPPS/V06after_20240618_tanto_tanto_02_mono_cpps_framewise.csv,44100,2.2755555555555556,2048,2048,46.439909297052154,49,49,0,,11.005488,10.311109673469387,3.002294678125539,11.005488,10.311109673469387,3.002294678125539,
/mnt/data/Acoustic_Analysis_Results_2026-08-18/00_full_2048_frame_wav/V06before_20220530_tanto_tanto_02_mono.wav,/mnt/data/Acoustic_Analysis_Results_2026-08-18/02_CPPS/V06before_20220530_tanto_tanto_02_mono_cpps_framewise.csv,44100,3.5294331065759637,2048,2048,46.439909297052154,76,76,0,,9.057528,8.474662171052632,2.652571498166197,9.057528,8.474662171052632,2.652571498166197,
/mnt/data/Acoustic_Analysis_Results_2026-08-18/00_full_2048_frame_wav/V07after_20200629_tnto_tanto_02_mono.wav,/mnt/data/Acoustic_Analysis_Results_2026-08-18/02_CPPS/V07after_20200629_tnto_tanto_02_mono_cpps_framewise.csv,44100,2.461315192743764,2048,2048,46.439909297052154,53,53,0,,11.583336,11.05310562264151,1.9561793690431573,11.583336,11.05310562264151,1.9561793690431573,
/mnt/data/Acoustic_Analysis_Results_2026-08-18/00_full_2048_frame_wav/V07before_20180730_tanto_tanto_02_mono.wav,/mnt/data/Acoustic_Analysis_Results_2026-08-18/02_CPPS/V07before_20180730_tanto_tanto_02_mono_cpps_framewise.csv,44100,2.461315192743764,2048,2048,46.439909297052154,53,53,0,,12.039669,11.45422526415094,2.375164290295136,12.039669,11.45422526415094,2.375164290295136,
/mnt/data/Acoustic_Analysis_Results_2026-08-18/00_full_2048_frame_wav/V08after_20240422_tanto_tanto_02_mono.wav,/mnt/data/Acoustic_Analysis_Results_2026-08-18/02_CPPS/V08after_20240422_tanto_tanto_02_mono_cpps_framewise.csv,44100,2.2291156462585033,2048,2048,46.439909297052154,48,48,0,,10.513059,10.026363854166666,2.2213429380507543,10.513059,10.026363854166666,2.2213429380507543,
/mnt/data/Acoustic_Analysis_Results_2026-08-18/00_full_2048_frame_wav/V08before_20220420_tanto_tanto_01_mono.wav,/mnt/data/Acoustic_Analysis_Results_2026-08-18/02_CPPS/V08before_20220420_tanto_tanto_01_mono_cpps_framewise.csv,44100,2.136235827664399,2048,2048,46.439909297052154,46,46,0,,12.151653,11.372960152173913,2.589080713953824,12.151653,11.372960152173913,2.589080713953824,
/mnt/data/Acoustic_Analysis_Results_2026-08-18/00_full_2048_frame_wav/V09after_20190508_tanto_tanto_02_mono.wav,/mnt/data/Acoustic_Analysis_Results_2026-08-18/02_CPPS/V09after_20190508_tanto_tanto_02_mono_cpps_framewise.csv,44100,3.1579138321995464,2048,2048,46.439909297052154,68,68,0,,11.9724705,11.377946602941178,2.6731382269666533,11.9724705,11.377946602941178,2.6731382269666533,
/mnt/data/Acoustic_Analysis_Results_2026-08-18/00_full_2048_frame_wav/V09before_20170526_tanto_tanto_02_mono.wav,/mnt/data/Acoustic_Analysis_Results_2026-08-18/02_CPPS/V09before_20170526_tanto_tanto_02_mono_cpps_framewise.csv,44100,2.8792743764172335,2048,2048,46.439909297052154,62,62,0,,11.239096499999999,10.321559064516128,2.833399109414523,11.239096499999999,10.321559064516128,2.833399109414523,
/mnt/data/Acoustic_Analysis_Results_2026-08-18/00_full_2048_frame_wav/V10after_20240501_tanto_tanto_02_mono.wav,/mnt/data/Acoustic_Analysis_Results_2026-08-18/02_CPPS/V10after_20240501_tanto_tanto_02_mono_cpps_framewise.csv,44100,2.136235827664399,2048,2048,46.439909297052154,46,46,0,,11.73086,10.369734304347826,3.0739305059422457,11.73086,10.369734304347826,3.0739305059422457,
/mnt/data/Acoustic_Analysis_Results_2026-08-18/00_full_2048_frame_wav/V10before_20220420_tanto_tanto_02_mono.wav,/mnt/data/Acoustic_Analysis_Results_2026-08-18/02_CPPS/V10before_20220420_tanto_tanto_02_mono_cpps_framewise.csv,44100,2.089795918367347,2048,2048,46.439909297052154,45,44,1,2,11.735338,10.482620199999998,3.2272627198544717,11.744453,10.640918022727273,3.0827903692942034,
/mnt/data/Acoustic_Analysis_Results_2026-08-18/00_full_2048_frame_wav/V11after_20240502_tanto_tanto_02_mono.wav,/mnt/data/Acoustic_Analysis_Results_2026-08-18/02_CPPS/V11after_20240502_tanto_tanto_02_mono_cpps_framewise.csv,44100,2.414875283446712,2048,2048,46.439909297052154,52,52,0,,12.578528,11.861434615384614,2.4960817639724877,12.578528,11.861434615384614,2.4960817639724877,
/mnt/data/Acoustic_Analysis_Results_2026-08-18/00_full_2048_frame_wav/V11before_20220420_tanto_tanto_02_mono.wav,/mnt/data/Acoustic_Analysis_Results_2026-08-18/02_CPPS/V11before_20220420_tanto_tanto_02_mono_cpps_framewise.csv,44100,2.414875283446712,2048,2048,46.439909297052154,52,52,0,,11.382121,11.336278019230772,2.4934016343425185,11.382121,11.336278019230772,2.4934016343425185,
/mnt/data/Acoustic_Analysis_Results_2026-08-18/00_full_2048_frame_wav/V12after_20190408_tanto_tanto_02_mono.wav,/mnt/data/Acoustic_Analysis_Results_2026-08-18/02_CPPS/V12after_20190408_tanto_tanto_02_mono_cpps_framewise.csv,44100,1.811156462585034,2048,2048,46.439909297052154,39,39,0,,11.136546,10.46806253846154,3.115835055137563,11.136546,10.46806253846154,3.115835055137563,
/mnt/data/Acoustic_Analysis_Results_2026-08-18/00_full_2048_frame_wav/V12before_20170508_tanto_tanto_02_mono.wav,/mnt/data/Acoustic_Analysis_Results_2026-08-18/02_CPPS/V12before_20170508_tanto_tanto_02_mono_cpps_framewise.csv,44100,2.089795918367347,2048,2048,46.439909297052154,45,45,0,,11.4344,10.27776166666667,3.5064822358396004,11.4344,10.27776166666667,3.5064822358396004,
/mnt/data/Acoustic_Analysis_Results_2026-08-18/00_full_2048_frame_wav/V13after_20190409_tanto_tanto_02_mono.wav,/mnt/data/Acoustic_Analysis_Results_2026-08-18/02_CPPS/V13after_20190409_tanto_tanto_02_mono_cpps_framewise.csv,44100,2.043356009070295,2048,2048,46.439909297052154,44,44,0,,11.706430000000001,10.641562681818181,3.08143751528485,11.706430000000001,10.641562681818181,3.08143751528485,
/mnt/data/Acoustic_Analysis_Results_2026-08-18/00_full_2048_frame_wav/V13before_20170508_tanto_tanto_02_mono.wav,/mnt/data/Acoustic_Analysis_Results_2026-08-18/02_CPPS/V13before_20170508_tanto_tanto_02_mono_cpps_framewise.csv,44100,1.9504761904761905,2048,2048,46.439909297052154,42,42,0,,11.702829999999999,11.29750730952381,2.62779152936375,11.702829999999999,11.29750730952381,2.62779152936375,
